-- phpMyAdmin SQL Dump
-- version 5.2.1
-- https://www.phpmyadmin.net/
--
-- Servidor: 127.0.0.1
-- Tiempo de generación: 21-09-2024 a las 07:05:24
-- Versión del servidor: 10.4.32-MariaDB
-- Versión de PHP: 8.2.12

SET SQL_MODE = "NO_AUTO_VALUE_ON_ZERO";
START TRANSACTION;
SET time_zone = "+00:00";


/*!40101 SET @OLD_CHARACTER_SET_CLIENT=@@CHARACTER_SET_CLIENT */;
/*!40101 SET @OLD_CHARACTER_SET_RESULTS=@@CHARACTER_SET_RESULTS */;
/*!40101 SET @OLD_COLLATION_CONNECTION=@@COLLATION_CONNECTION */;
/*!40101 SET NAMES utf8mb4 */;

--
-- Base de datos: `project`
--

-- --------------------------------------------------------

--
-- Estructura de tabla para la tabla `cache`
--

CREATE TABLE `cache` (
  `key` varchar(255) NOT NULL,
  `value` mediumtext NOT NULL,
  `expiration` int(11) NOT NULL
) ENGINE=InnoDB DEFAULT CHARSET=utf8mb4 COLLATE=utf8mb4_unicode_ci;

--
-- Volcado de datos para la tabla `cache`
--

INSERT INTO `cache` (`key`, `value`, `expiration`) VALUES
('jhon@example.com|127.0.0.1', 'i:1;', 1726286077),
('jhon@example.com|127.0.0.1:timer', 'i:1726286077;', 1726286077);

-- --------------------------------------------------------

--
-- Estructura de tabla para la tabla `cache_locks`
--

CREATE TABLE `cache_locks` (
  `key` varchar(255) NOT NULL,
  `owner` varchar(255) NOT NULL,
  `expiration` int(11) NOT NULL
) ENGINE=InnoDB DEFAULT CHARSET=utf8mb4 COLLATE=utf8mb4_unicode_ci;

-- --------------------------------------------------------

--
-- Estructura de tabla para la tabla `ciudads`
--

CREATE TABLE `ciudads` (
  `id` bigint(20) UNSIGNED NOT NULL,
  `departamento_id` bigint(20) UNSIGNED NOT NULL,
  `name` varchar(255) NOT NULL,
  `status` varchar(255) NOT NULL,
  `register_user` varchar(255) NOT NULL,
  `created_at` timestamp NULL DEFAULT NULL,
  `updated_at` timestamp NULL DEFAULT NULL
) ENGINE=InnoDB DEFAULT CHARSET=utf8mb4 COLLATE=utf8mb4_unicode_ci;

--
-- Volcado de datos para la tabla `ciudads`
--

INSERT INTO `ciudads` (`id`, `departamento_id`, `name`, `status`, `register_user`, `created_at`, `updated_at`) VALUES
(1, 1, 'Medellín', '1', '1', '2024-05-26 01:55:22', '2024-05-26 01:55:22'),
(2, 1, 'Abejorral', '1', '1', '2024-05-26 01:55:22', '2024-05-26 01:55:22'),
(3, 1, 'Abriaquí', '1', '1', '2024-05-26 01:55:22', '2024-05-26 01:55:22'),
(4, 1, 'Alejandría', '1', '1', '2024-05-26 01:55:22', '2024-05-26 01:55:22'),
(5, 1, 'Amaga', '1', '1', '2024-05-26 01:55:22', '2024-05-26 01:55:22'),
(6, 1, 'Amalfi', '1', '1', '2024-05-26 01:55:22', '2024-05-26 01:55:22'),
(7, 1, 'Andes', '1', '1', '2024-05-26 01:55:22', '2024-05-26 01:55:22'),
(8, 1, 'Angelópolis', '1', '1', '2024-05-26 01:55:22', '2024-05-26 01:55:22'),
(9, 1, 'Angostura', '1', '1', '2024-05-26 01:55:22', '2024-05-26 01:55:22'),
(10, 1, 'Anorí', '1', '1', '2024-05-26 01:55:22', '2024-05-26 01:55:22'),
(11, 1, 'Santafé De Antioquia', '1', '1', '2024-05-26 01:55:22', '2024-05-26 01:55:22'),
(12, 1, 'Anzá', '1', '1', '2024-05-26 01:55:22', '2024-05-26 01:55:22'),
(13, 1, 'Apartado', '1', '1', '2024-05-26 01:55:22', '2024-05-26 01:55:22'),
(14, 1, 'Arboletes', '1', '1', '2024-05-26 01:55:22', '2024-05-26 01:55:22'),
(15, 1, 'Argelia', '1', '1', '2024-05-26 01:55:22', '2024-05-26 01:55:22'),
(16, 1, 'Armenia', '1', '1', '2024-05-26 01:55:22', '2024-05-26 01:55:22'),
(17, 1, 'Barbosa', '1', '1', '2024-05-26 01:55:22', '2024-05-26 01:55:22'),
(18, 1, 'Belmira', '1', '1', '2024-05-26 01:55:22', '2024-05-26 01:55:22'),
(19, 1, 'Bello', '1', '1', '2024-05-26 01:55:22', '2024-05-26 01:55:22'),
(20, 1, 'Betania', '1', '1', '2024-05-26 01:55:22', '2024-05-26 01:55:22'),
(21, 1, 'Betulia', '1', '1', '2024-05-26 01:55:22', '2024-05-26 01:55:22'),
(22, 1, 'Ciudad Bolívar', '1', '1', '2024-05-26 01:55:22', '2024-05-26 01:55:22'),
(23, 1, 'Briceño', '1', '1', '2024-05-26 01:55:22', '2024-05-26 01:55:22'),
(24, 1, 'Buriticá', '1', '1', '2024-05-26 01:55:22', '2024-05-26 01:55:22'),
(25, 1, 'Cáceres', '1', '1', '2024-05-26 01:55:22', '2024-05-26 01:55:22'),
(26, 1, 'Caicedo', '1', '1', '2024-05-26 01:55:22', '2024-05-26 01:55:22'),
(27, 1, 'Caldas', '1', '1', '2024-05-26 01:55:22', '2024-05-26 01:55:22'),
(28, 1, 'Campamento', '1', '1', '2024-05-26 01:55:22', '2024-05-26 01:55:22'),
(29, 1, 'Cañasgordas', '1', '1', '2024-05-26 01:55:22', '2024-05-26 01:55:22'),
(30, 1, 'Caracolí', '1', '1', '2024-05-26 01:55:22', '2024-05-26 01:55:22'),
(31, 1, 'Caramanta', '1', '1', '2024-05-26 01:55:22', '2024-05-26 01:55:22'),
(32, 1, 'Carepa', '1', '1', '2024-05-26 01:55:22', '2024-05-26 01:55:22'),
(33, 1, 'El Carmen De Viboral', '1', '1', '2024-05-26 01:55:22', '2024-05-26 01:55:22'),
(34, 1, 'Carolina', '1', '1', '2024-05-26 01:55:22', '2024-05-26 01:55:22'),
(35, 1, 'Caucasia', '1', '1', '2024-05-26 01:55:22', '2024-05-26 01:55:22'),
(36, 1, 'Chigorodó', '1', '1', '2024-05-26 01:55:22', '2024-05-26 01:55:22'),
(37, 1, 'Cisneros', '1', '1', '2024-05-26 01:55:22', '2024-05-26 01:55:22'),
(38, 1, 'Cocorná', '1', '1', '2024-05-26 01:55:22', '2024-05-26 01:55:22'),
(39, 1, 'Concepción', '1', '1', '2024-05-26 01:55:22', '2024-05-26 01:55:22'),
(40, 1, 'Concordia', '1', '1', '2024-05-26 01:55:22', '2024-05-26 01:55:22'),
(41, 1, 'Copacabana', '1', '1', '2024-05-26 01:55:22', '2024-05-26 01:55:22'),
(42, 1, 'Dabeiba', '1', '1', '2024-05-26 01:55:22', '2024-05-26 01:55:22'),
(43, 1, 'Don Matías', '1', '1', '2024-05-26 01:55:22', '2024-05-26 01:55:22'),
(44, 1, 'Ebéjico', '1', '1', '2024-05-26 01:55:22', '2024-05-26 01:55:22'),
(45, 1, 'El Bagre', '1', '1', '2024-05-26 01:55:22', '2024-05-26 01:55:22'),
(46, 1, 'Entrerríos', '1', '1', '2024-05-26 01:55:22', '2024-05-26 01:55:22'),
(47, 1, 'Envigado', '1', '1', '2024-05-26 01:55:22', '2024-05-26 01:55:22'),
(48, 1, 'Fredonia', '1', '1', '2024-05-26 01:55:22', '2024-05-26 01:55:22'),
(49, 1, 'Frontino', '1', '1', '2024-05-26 01:55:22', '2024-05-26 01:55:22'),
(50, 1, 'Giraldo', '1', '1', '2024-05-26 01:55:22', '2024-05-26 01:55:22'),
(51, 1, 'Girardota', '1', '1', '2024-05-26 01:55:22', '2024-05-26 01:55:22'),
(52, 1, 'Gómez Plata', '1', '1', '2024-05-26 01:55:22', '2024-05-26 01:55:22'),
(53, 1, 'Granada', '1', '1', '2024-05-26 01:55:22', '2024-05-26 01:55:22'),
(54, 1, 'Guadalupe', '1', '1', '2024-05-26 01:55:22', '2024-05-26 01:55:22'),
(55, 1, 'Guarne', '1', '1', '2024-05-26 01:55:22', '2024-05-26 01:55:22'),
(56, 1, 'Guatapé', '1', '1', '2024-05-26 01:55:22', '2024-05-26 01:55:22'),
(57, 1, 'Heliconia', '1', '1', '2024-05-26 01:55:22', '2024-05-26 01:55:22'),
(58, 1, 'Hispania', '1', '1', '2024-05-26 01:55:22', '2024-05-26 01:55:22'),
(59, 1, 'Itagüí', '1', '1', '2024-05-26 01:55:22', '2024-05-26 01:55:22'),
(60, 1, 'Ituango', '1', '1', '2024-05-26 01:55:22', '2024-05-26 01:55:22'),
(61, 1, 'Jardín', '1', '1', '2024-05-26 01:55:22', '2024-05-26 01:55:22'),
(62, 1, 'Jericó', '1', '1', '2024-05-26 01:55:22', '2024-05-26 01:55:22'),
(63, 1, 'La Ceja', '1', '1', '2024-05-26 01:55:22', '2024-05-26 01:55:22'),
(64, 1, 'La Estrella', '1', '1', '2024-05-26 01:55:22', '2024-05-26 01:55:22'),
(65, 1, 'La Pintada', '1', '1', '2024-05-26 01:55:22', '2024-05-26 01:55:22'),
(66, 1, 'La Unión', '1', '1', '2024-05-26 01:55:22', '2024-05-26 01:55:22'),
(67, 1, 'Liborina', '1', '1', '2024-05-26 01:55:22', '2024-05-26 01:55:22'),
(68, 1, 'Maceo', '1', '1', '2024-05-26 01:55:22', '2024-05-26 01:55:22'),
(69, 1, 'Marinilla', '1', '1', '2024-05-26 01:55:22', '2024-05-26 01:55:22'),
(70, 1, 'Montebello', '1', '1', '2024-05-26 01:55:22', '2024-05-26 01:55:22'),
(71, 1, 'Murindo', '1', '1', '2024-05-26 01:55:22', '2024-05-26 01:55:22'),
(72, 1, 'Mutata', '1', '1', '2024-05-26 01:55:22', '2024-05-26 01:55:22'),
(73, 1, 'Nariño', '1', '1', '2024-05-26 01:55:22', '2024-05-26 01:55:22'),
(74, 1, 'Necoclí', '1', '1', '2024-05-26 01:55:22', '2024-05-26 01:55:22'),
(75, 1, 'Nechi', '1', '1', '2024-05-26 01:55:22', '2024-05-26 01:55:22'),
(76, 1, 'Olaya', '1', '1', '2024-05-26 01:55:22', '2024-05-26 01:55:22'),
(77, 1, 'Peñol', '1', '1', '2024-05-26 01:55:22', '2024-05-26 01:55:22'),
(78, 1, 'Peque', '1', '1', '2024-05-26 01:55:22', '2024-05-26 01:55:22'),
(79, 1, 'Pueblorrico', '1', '1', '2024-05-26 01:55:22', '2024-05-26 01:55:22'),
(80, 1, 'Puerto Berrio', '1', '1', '2024-05-26 01:55:22', '2024-05-26 01:55:22'),
(81, 1, 'Puerto Nare', '1', '1', '2024-05-26 01:55:22', '2024-05-26 01:55:22'),
(82, 1, 'Puerto Triunfo', '1', '1', '2024-05-26 01:55:22', '2024-05-26 01:55:22'),
(83, 1, 'Remedios', '1', '1', '2024-05-26 01:55:22', '2024-05-26 01:55:22'),
(84, 1, 'Retiro', '1', '1', '2024-05-26 01:55:22', '2024-05-26 01:55:22'),
(85, 1, 'Rionegro', '1', '1', '2024-05-26 01:55:22', '2024-05-26 01:55:22'),
(86, 1, 'Sabanalarga', '1', '1', '2024-05-26 01:55:22', '2024-05-26 01:55:22'),
(87, 1, 'Sabaneta', '1', '1', '2024-05-26 01:55:22', '2024-05-26 01:55:22'),
(88, 1, 'Salgar', '1', '1', '2024-05-26 01:55:22', '2024-05-26 01:55:22'),
(89, 1, 'San Andrés De Cuerquia', '1', '1', '2024-05-26 01:55:22', '2024-05-26 01:55:22'),
(90, 1, 'San Carlos', '1', '1', '2024-05-26 01:55:22', '2024-05-26 01:55:22'),
(91, 1, 'San Francisco', '1', '1', '2024-05-26 01:55:22', '2024-05-26 01:55:22'),
(92, 1, 'San Jerónimo', '1', '1', '2024-05-26 01:55:22', '2024-05-26 01:55:22'),
(93, 1, 'San José De La Montaña', '1', '1', '2024-05-26 01:55:22', '2024-05-26 01:55:22'),
(94, 1, 'San Juan De Urabá', '1', '1', '2024-05-26 01:55:22', '2024-05-26 01:55:22'),
(95, 1, 'San Luis', '1', '1', '2024-05-26 01:55:22', '2024-05-26 01:55:22'),
(96, 1, 'San Pedro', '1', '1', '2024-05-26 01:55:22', '2024-05-26 01:55:22'),
(97, 1, 'San Pedro De Urabá', '1', '1', '2024-05-26 01:55:22', '2024-05-26 01:55:22'),
(98, 1, 'San Rafael', '1', '1', '2024-05-26 01:55:22', '2024-05-26 01:55:22'),
(99, 1, 'San Roque', '1', '1', '2024-05-26 01:55:22', '2024-05-26 01:55:22'),
(100, 1, 'San Vicente', '1', '1', '2024-05-26 01:55:22', '2024-05-26 01:55:22'),
(101, 1, 'Santa Barbara', '1', '1', '2024-05-26 01:55:22', '2024-05-26 01:55:22'),
(102, 1, 'Santa Rosa De Osos', '1', '1', '2024-05-26 01:55:22', '2024-05-26 01:55:22'),
(103, 1, 'Santo Domingo', '1', '1', '2024-05-26 01:55:22', '2024-05-26 01:55:22'),
(104, 1, 'El Santuario', '1', '1', '2024-05-26 01:55:22', '2024-05-26 01:55:22'),
(105, 1, 'Segovia', '1', '1', '2024-05-26 01:55:22', '2024-05-26 01:55:22'),
(106, 1, 'Sonsón', '1', '1', '2024-05-26 01:55:22', '2024-05-26 01:55:22'),
(107, 1, 'Sopetran', '1', '1', '2024-05-26 01:55:22', '2024-05-26 01:55:22'),
(108, 1, 'Támesis', '1', '1', '2024-05-26 01:55:22', '2024-05-26 01:55:22'),
(109, 1, 'Taraza', '1', '1', '2024-05-26 01:55:22', '2024-05-26 01:55:22'),
(110, 1, 'Tarso', '1', '1', '2024-05-26 01:55:22', '2024-05-26 01:55:22'),
(111, 1, 'Titiribí', '1', '1', '2024-05-26 01:55:22', '2024-05-26 01:55:22'),
(112, 1, 'Toledo', '1', '1', '2024-05-26 01:55:22', '2024-05-26 01:55:22'),
(113, 1, 'Turbo', '1', '1', '2024-05-26 01:55:22', '2024-05-26 01:55:22'),
(114, 1, 'Urumita', '1', '1', '2024-05-26 01:55:22', '2024-05-26 01:55:22'),
(115, 1, 'Urrao', '1', '1', '2024-05-26 01:55:22', '2024-05-26 01:55:22'),
(116, 1, 'Valdivia', '1', '1', '2024-05-26 01:55:22', '2024-05-26 01:55:22'),
(117, 1, 'Valparaíso', '1', '1', '2024-05-26 01:55:22', '2024-05-26 01:55:22'),
(118, 1, 'Vegachi', '1', '1', '2024-05-26 01:55:22', '2024-05-26 01:55:22'),
(119, 1, 'Venecia', '1', '1', '2024-05-26 01:55:22', '2024-05-26 01:55:22'),
(120, 1, 'Vigía Del Fuerte', '1', '1', '2024-05-26 01:55:22', '2024-05-26 01:55:22'),
(121, 1, 'Yalí', '1', '1', '2024-05-26 01:55:22', '2024-05-26 01:55:22'),
(122, 1, 'Yarumal', '1', '1', '2024-05-26 01:55:22', '2024-05-26 01:55:22'),
(123, 1, 'Yolombó', '1', '1', '2024-05-26 01:55:22', '2024-05-26 01:55:22'),
(124, 1, 'Yondó', '1', '1', '2024-05-26 01:55:22', '2024-05-26 01:55:22'),
(125, 1, 'Zaragoza', '1', '1', '2024-05-26 01:55:22', '2024-05-26 01:55:22'),
(126, 2, 'Barranquilla', '1', '1', '2024-05-26 01:55:22', '2024-05-26 01:55:22'),
(127, 2, 'Baranoa', '1', '1', '2024-05-26 01:55:22', '2024-05-26 01:55:22'),
(128, 2, 'Campo De La Cruz', '1', '1', '2024-05-26 01:55:22', '2024-05-26 01:55:22'),
(129, 2, 'Candelaria', '1', '1', '2024-05-26 01:55:22', '2024-05-26 01:55:22'),
(130, 2, 'Galapa', '1', '1', '2024-05-26 01:55:22', '2024-05-26 01:55:22'),
(131, 2, 'Juan De Acosta', '1', '1', '2024-05-26 01:55:22', '2024-05-26 01:55:22'),
(132, 2, 'Luruaco', '1', '1', '2024-05-26 01:55:22', '2024-05-26 01:55:22'),
(133, 2, 'Malambo', '1', '1', '2024-05-26 01:55:22', '2024-05-26 01:55:22'),
(134, 2, 'Manatí', '1', '1', '2024-05-26 01:55:22', '2024-05-26 01:55:22'),
(135, 2, 'Palmar De Varela', '1', '1', '2024-05-26 01:55:22', '2024-05-26 01:55:22'),
(136, 2, 'Piojo', '1', '1', '2024-05-26 01:55:22', '2024-05-26 01:55:22'),
(137, 2, 'Polonuevo', '1', '1', '2024-05-26 01:55:22', '2024-05-26 01:55:22'),
(138, 2, 'Ponedera', '1', '1', '2024-05-26 01:55:22', '2024-05-26 01:55:22'),
(139, 2, 'Puerto Colombia', '1', '1', '2024-05-26 01:55:22', '2024-05-26 01:55:22'),
(140, 2, 'Repelón', '1', '1', '2024-05-26 01:55:22', '2024-05-26 01:55:22'),
(141, 2, 'Sabanagrande', '1', '1', '2024-05-26 01:55:22', '2024-05-26 01:55:22'),
(142, 2, 'Sabanalarga', '1', '1', '2024-05-26 01:55:22', '2024-05-26 01:55:22'),
(143, 2, 'Santa Lucia', '1', '1', '2024-05-26 01:55:22', '2024-05-26 01:55:22'),
(144, 2, 'Santo Tomas', '1', '1', '2024-05-26 01:55:22', '2024-05-26 01:55:22'),
(145, 2, 'Soledad', '1', '1', '2024-05-26 01:55:22', '2024-05-26 01:55:22'),
(146, 2, 'Suan', '1', '1', '2024-05-26 01:55:22', '2024-05-26 01:55:22'),
(147, 2, 'Tubara', '1', '1', '2024-05-26 01:55:22', '2024-05-26 01:55:22'),
(148, 2, 'Usiacurí', '1', '1', '2024-05-26 01:55:22', '2024-05-26 01:55:22'),
(149, 33, 'Bogotá', '1', '1', '2024-05-26 01:55:22', '2024-05-26 01:55:22'),
(150, 3, 'Cartagena', '1', '1', '2024-05-26 01:55:22', '2024-05-26 01:55:22'),
(151, 3, 'Achí', '1', '1', '2024-05-26 01:55:22', '2024-05-26 01:55:22'),
(152, 3, 'Altos Del Rosario', '1', '1', '2024-05-26 01:55:22', '2024-05-26 01:55:22'),
(153, 3, 'Arenal', '1', '1', '2024-05-26 01:55:22', '2024-05-26 01:55:22'),
(154, 3, 'Arjona', '1', '1', '2024-05-26 01:55:22', '2024-05-26 01:55:22'),
(155, 3, 'Arroyohondo', '1', '1', '2024-05-26 01:55:22', '2024-05-26 01:55:22'),
(156, 3, 'Barranco De Loba', '1', '1', '2024-05-26 01:55:22', '2024-05-26 01:55:22'),
(157, 3, 'Calamar', '1', '1', '2024-05-26 01:55:22', '2024-05-26 01:55:22'),
(158, 3, 'Cantagallo', '1', '1', '2024-05-26 01:55:22', '2024-05-26 01:55:22'),
(159, 3, 'Cicuco', '1', '1', '2024-05-26 01:55:22', '2024-05-26 01:55:22'),
(160, 3, 'Córdoba', '1', '1', '2024-05-26 01:55:22', '2024-05-26 01:55:22'),
(161, 3, 'Clemencia', '1', '1', '2024-05-26 01:55:22', '2024-05-26 01:55:22'),
(162, 3, 'El Carmen De Bolívar', '1', '1', '2024-05-26 01:55:22', '2024-05-26 01:55:22'),
(163, 3, 'El Guamo', '1', '1', '2024-05-26 01:55:22', '2024-05-26 01:55:22'),
(164, 3, 'El Peñón', '1', '1', '2024-05-26 01:55:22', '2024-05-26 01:55:22'),
(165, 3, 'Hatillo De Loba', '1', '1', '2024-05-26 01:55:22', '2024-05-26 01:55:22'),
(166, 3, 'Magangué', '1', '1', '2024-05-26 01:55:22', '2024-05-26 01:55:22'),
(167, 3, 'Mahates', '1', '1', '2024-05-26 01:55:22', '2024-05-26 01:55:22'),
(168, 3, 'Margarita', '1', '1', '2024-05-26 01:55:22', '2024-05-26 01:55:22'),
(169, 3, 'María La Baja', '1', '1', '2024-05-26 01:55:22', '2024-05-26 01:55:22'),
(170, 3, 'Montecristo', '1', '1', '2024-05-26 01:55:22', '2024-05-26 01:55:22'),
(171, 3, 'Mompós', '1', '1', '2024-05-26 01:55:22', '2024-05-26 01:55:22'),
(172, 3, 'Norosi', '1', '1', '2024-05-26 01:55:22', '2024-05-26 01:55:22'),
(173, 3, 'Morales', '1', '1', '2024-05-26 01:55:22', '2024-05-26 01:55:22'),
(174, 3, 'Pinillos', '1', '1', '2024-05-26 01:55:22', '2024-05-26 01:55:22'),
(175, 3, 'Regidor', '1', '1', '2024-05-26 01:55:22', '2024-05-26 01:55:22'),
(176, 3, 'Rio Viejo', '1', '1', '2024-05-26 01:55:22', '2024-05-26 01:55:22'),
(177, 3, 'San Cristóbal', '1', '1', '2024-05-26 01:55:22', '2024-05-26 01:55:22'),
(178, 3, 'San Estanislao', '1', '1', '2024-05-26 01:55:22', '2024-05-26 01:55:22'),
(179, 3, 'San Fernando', '1', '1', '2024-05-26 01:55:22', '2024-05-26 01:55:22'),
(180, 3, 'San Jacinto', '1', '1', '2024-05-26 01:55:22', '2024-05-26 01:55:22'),
(181, 3, 'San Jacinto Del Cauca', '1', '1', '2024-05-26 01:55:22', '2024-05-26 01:55:22'),
(182, 3, 'San Juan Nepomuceno', '1', '1', '2024-05-26 01:55:22', '2024-05-26 01:55:22'),
(183, 3, 'San Martin De Loba', '1', '1', '2024-05-26 01:55:22', '2024-05-26 01:55:22'),
(184, 3, 'San Pablo', '1', '1', '2024-05-26 01:55:22', '2024-05-26 01:55:22'),
(185, 3, 'Santa Catalina', '1', '1', '2024-05-26 01:55:22', '2024-05-26 01:55:22'),
(186, 3, 'Santa Rosa', '1', '1', '2024-05-26 01:55:22', '2024-05-26 01:55:22'),
(187, 3, 'Santa Rosa Del Sur', '1', '1', '2024-05-26 01:55:22', '2024-05-26 01:55:22'),
(188, 3, 'Simiti', '1', '1', '2024-05-26 01:55:22', '2024-05-26 01:55:22'),
(189, 3, 'Soplaviento', '1', '1', '2024-05-26 01:55:22', '2024-05-26 01:55:22'),
(190, 3, 'Talaigua Nuevo', '1', '1', '2024-05-26 01:55:22', '2024-05-26 01:55:22'),
(191, 3, 'Tiquisio', '1', '1', '2024-05-26 01:55:22', '2024-05-26 01:55:22'),
(192, 3, 'Turbaco', '1', '1', '2024-05-26 01:55:22', '2024-05-26 01:55:22'),
(193, 3, 'Turbana', '1', '1', '2024-05-26 01:55:22', '2024-05-26 01:55:22'),
(194, 3, 'Villanueva', '1', '1', '2024-05-26 01:55:22', '2024-05-26 01:55:22'),
(195, 3, 'Zambrano', '1', '1', '2024-05-26 01:55:22', '2024-05-26 01:55:22'),
(196, 4, 'Tunja', '1', '1', '2024-05-26 01:55:22', '2024-05-26 01:55:22'),
(197, 4, 'Almeida', '1', '1', '2024-05-26 01:55:22', '2024-05-26 01:55:22'),
(198, 4, 'Aquitania', '1', '1', '2024-05-26 01:55:22', '2024-05-26 01:55:22'),
(199, 4, 'Arcabuco', '1', '1', '2024-05-26 01:55:22', '2024-05-26 01:55:22'),
(200, 4, 'Belén', '1', '1', '2024-05-26 01:55:22', '2024-05-26 01:55:22'),
(201, 4, 'Berbeo', '1', '1', '2024-05-26 01:55:22', '2024-05-26 01:55:22'),
(202, 4, 'Beteitiva', '1', '1', '2024-05-26 01:55:22', '2024-05-26 01:55:22'),
(203, 4, 'Boavita', '1', '1', '2024-05-26 01:55:22', '2024-05-26 01:55:22'),
(204, 4, 'Boyacá', '1', '1', '2024-05-26 01:55:22', '2024-05-26 01:55:22'),
(205, 4, 'Briceño', '1', '1', '2024-05-26 01:55:22', '2024-05-26 01:55:22'),
(206, 4, 'Buenavista', '1', '1', '2024-05-26 01:55:22', '2024-05-26 01:55:22'),
(207, 4, 'Busbanza', '1', '1', '2024-05-26 01:55:22', '2024-05-26 01:55:22'),
(208, 4, 'Caldas', '1', '1', '2024-05-26 01:55:22', '2024-05-26 01:55:22'),
(209, 4, 'Campohermoso', '1', '1', '2024-05-26 01:55:22', '2024-05-26 01:55:22'),
(210, 4, 'Cerinza', '1', '1', '2024-05-26 01:55:22', '2024-05-26 01:55:22'),
(211, 4, 'Chinavita', '1', '1', '2024-05-26 01:55:22', '2024-05-26 01:55:22'),
(212, 4, 'Chiquinquirá', '1', '1', '2024-05-26 01:55:22', '2024-05-26 01:55:22'),
(213, 4, 'Chiscas', '1', '1', '2024-05-26 01:55:22', '2024-05-26 01:55:22'),
(214, 4, 'Chita', '1', '1', '2024-05-26 01:55:22', '2024-05-26 01:55:22'),
(215, 4, 'Chitaraque', '1', '1', '2024-05-26 01:55:22', '2024-05-26 01:55:22'),
(216, 4, 'Chivata', '1', '1', '2024-05-26 01:55:22', '2024-05-26 01:55:22'),
(217, 4, 'Ciénega', '1', '1', '2024-05-26 01:55:22', '2024-05-26 01:55:22'),
(218, 4, 'Combita', '1', '1', '2024-05-26 01:55:22', '2024-05-26 01:55:22'),
(219, 4, 'Coper', '1', '1', '2024-05-26 01:55:22', '2024-05-26 01:55:22'),
(220, 4, 'Corrales', '1', '1', '2024-05-26 01:55:22', '2024-05-26 01:55:22'),
(221, 4, 'Covarachia', '1', '1', '2024-05-26 01:55:22', '2024-05-26 01:55:22'),
(222, 4, 'Cubara', '1', '1', '2024-05-26 01:55:22', '2024-05-26 01:55:22'),
(223, 4, 'Cucaita', '1', '1', '2024-05-26 01:55:22', '2024-05-26 01:55:22'),
(224, 4, 'Cuitiva', '1', '1', '2024-05-26 01:55:22', '2024-05-26 01:55:22'),
(225, 4, 'Chíquiza', '1', '1', '2024-05-26 01:55:22', '2024-05-26 01:55:22'),
(226, 4, 'Chivor', '1', '1', '2024-05-26 01:55:22', '2024-05-26 01:55:22'),
(227, 4, 'Duitama', '1', '1', '2024-05-26 01:55:22', '2024-05-26 01:55:22'),
(228, 4, 'El Cocuy', '1', '1', '2024-05-26 01:55:22', '2024-05-26 01:55:22'),
(229, 4, 'El Espino', '1', '1', '2024-05-26 01:55:22', '2024-05-26 01:55:22'),
(230, 4, 'Firavitoba', '1', '1', '2024-05-26 01:55:22', '2024-05-26 01:55:22'),
(231, 4, 'Floresta', '1', '1', '2024-05-26 01:55:22', '2024-05-26 01:55:22'),
(232, 4, 'Gachantivá', '1', '1', '2024-05-26 01:55:22', '2024-05-26 01:55:22'),
(233, 4, 'Gámeza', '1', '1', '2024-05-26 01:55:22', '2024-05-26 01:55:22'),
(234, 4, 'Garagoa', '1', '1', '2024-05-26 01:55:22', '2024-05-26 01:55:22'),
(235, 4, 'Guacamayas', '1', '1', '2024-05-26 01:55:22', '2024-05-26 01:55:22'),
(236, 4, 'Guateque', '1', '1', '2024-05-26 01:55:22', '2024-05-26 01:55:22'),
(237, 4, 'Guayata', '1', '1', '2024-05-26 01:55:22', '2024-05-26 01:55:22'),
(238, 4, 'Gsican', '1', '1', '2024-05-26 01:55:22', '2024-05-26 01:55:22'),
(239, 4, 'Iza', '1', '1', '2024-05-26 01:55:22', '2024-05-26 01:55:22'),
(240, 4, 'Jenesano', '1', '1', '2024-05-26 01:55:22', '2024-05-26 01:55:22'),
(241, 4, 'Jericó', '1', '1', '2024-05-26 01:55:22', '2024-05-26 01:55:22'),
(242, 4, 'Labranzagrande', '1', '1', '2024-05-26 01:55:22', '2024-05-26 01:55:22'),
(243, 4, 'La Capilla', '1', '1', '2024-05-26 01:55:22', '2024-05-26 01:55:22'),
(244, 4, 'La Victoria', '1', '1', '2024-05-26 01:55:22', '2024-05-26 01:55:22'),
(245, 4, 'La Uvita', '1', '1', '2024-05-26 01:55:22', '2024-05-26 01:55:22'),
(246, 4, 'Villa De Leyva', '1', '1', '2024-05-26 01:55:22', '2024-05-26 01:55:22'),
(247, 4, 'Macanal', '1', '1', '2024-05-26 01:55:22', '2024-05-26 01:55:22'),
(248, 4, 'Maripi', '1', '1', '2024-05-26 01:55:22', '2024-05-26 01:55:22'),
(249, 4, 'Miraflores', '1', '1', '2024-05-26 01:55:22', '2024-05-26 01:55:22'),
(250, 4, 'Mongua', '1', '1', '2024-05-26 01:55:22', '2024-05-26 01:55:22'),
(251, 4, 'Monguí', '1', '1', '2024-05-26 01:55:22', '2024-05-26 01:55:22'),
(252, 4, 'Moniquirá', '1', '1', '2024-05-26 01:55:22', '2024-05-26 01:55:22'),
(253, 4, 'Motavita', '1', '1', '2024-05-26 01:55:22', '2024-05-26 01:55:22'),
(254, 4, 'Muzo', '1', '1', '2024-05-26 01:55:22', '2024-05-26 01:55:22'),
(255, 4, 'Nobsa', '1', '1', '2024-05-26 01:55:22', '2024-05-26 01:55:22'),
(256, 4, 'Nuevo Colon', '1', '1', '2024-05-26 01:55:22', '2024-05-26 01:55:22'),
(257, 4, 'Oicata', '1', '1', '2024-05-26 01:55:22', '2024-05-26 01:55:22'),
(258, 4, 'Otanche', '1', '1', '2024-05-26 01:55:22', '2024-05-26 01:55:22'),
(259, 4, 'Pachavita', '1', '1', '2024-05-26 01:55:22', '2024-05-26 01:55:22'),
(260, 4, 'Páez', '1', '1', '2024-05-26 01:55:22', '2024-05-26 01:55:22'),
(261, 4, 'Paipa', '1', '1', '2024-05-26 01:55:22', '2024-05-26 01:55:22'),
(262, 4, 'Pajarito', '1', '1', '2024-05-26 01:55:22', '2024-05-26 01:55:22'),
(263, 4, 'Panqueba', '1', '1', '2024-05-26 01:55:22', '2024-05-26 01:55:22'),
(264, 4, 'Pauna', '1', '1', '2024-05-26 01:55:22', '2024-05-26 01:55:22'),
(265, 4, 'Paya', '1', '1', '2024-05-26 01:55:22', '2024-05-26 01:55:22'),
(266, 4, 'Paz De Rio', '1', '1', '2024-05-26 01:55:22', '2024-05-26 01:55:22'),
(267, 4, 'Pesca', '1', '1', '2024-05-26 01:55:22', '2024-05-26 01:55:22'),
(268, 4, 'Pisba', '1', '1', '2024-05-26 01:55:22', '2024-05-26 01:55:22'),
(269, 4, 'Puerto Boyacá', '1', '1', '2024-05-26 01:55:22', '2024-05-26 01:55:22'),
(270, 4, 'Quipama', '1', '1', '2024-05-26 01:55:22', '2024-05-26 01:55:22'),
(271, 4, 'Ramiriquí', '1', '1', '2024-05-26 01:55:22', '2024-05-26 01:55:22'),
(272, 4, 'Ráquira', '1', '1', '2024-05-26 01:55:22', '2024-05-26 01:55:22'),
(273, 4, 'Rondón', '1', '1', '2024-05-26 01:55:22', '2024-05-26 01:55:22'),
(274, 4, 'Saboya', '1', '1', '2024-05-26 01:55:22', '2024-05-26 01:55:22'),
(275, 4, 'Sáchica', '1', '1', '2024-05-26 01:55:22', '2024-05-26 01:55:22'),
(276, 4, 'Samacá', '1', '1', '2024-05-26 01:55:22', '2024-05-26 01:55:22'),
(277, 4, 'San Eduardo', '1', '1', '2024-05-26 01:55:22', '2024-05-26 01:55:22'),
(278, 4, 'San José De Pare', '1', '1', '2024-05-26 01:55:22', '2024-05-26 01:55:22'),
(279, 4, 'San Luis De Gaceno', '1', '1', '2024-05-26 01:55:22', '2024-05-26 01:55:22'),
(280, 4, 'San Mateo', '1', '1', '2024-05-26 01:55:22', '2024-05-26 01:55:22'),
(281, 4, 'San Miguel De Sema', '1', '1', '2024-05-26 01:55:22', '2024-05-26 01:55:22'),
(282, 4, 'San Pablo De Borbur', '1', '1', '2024-05-26 01:55:22', '2024-05-26 01:55:22'),
(283, 4, 'Santana', '1', '1', '2024-05-26 01:55:22', '2024-05-26 01:55:22'),
(284, 4, 'Santa María', '1', '1', '2024-05-26 01:55:22', '2024-05-26 01:55:22'),
(285, 4, 'Santa Rosa De Viterbo', '1', '1', '2024-05-26 01:55:22', '2024-05-26 01:55:22'),
(286, 4, 'Santa Sofia', '1', '1', '2024-05-26 01:55:22', '2024-05-26 01:55:22'),
(287, 4, 'Sativanorte', '1', '1', '2024-05-26 01:55:22', '2024-05-26 01:55:22'),
(288, 4, 'Sativasur', '1', '1', '2024-05-26 01:55:22', '2024-05-26 01:55:22'),
(289, 4, 'Siachoque', '1', '1', '2024-05-26 01:55:22', '2024-05-26 01:55:22'),
(290, 4, 'Soata', '1', '1', '2024-05-26 01:55:22', '2024-05-26 01:55:22'),
(291, 4, 'Socotá', '1', '1', '2024-05-26 01:55:22', '2024-05-26 01:55:22'),
(292, 4, 'Socha', '1', '1', '2024-05-26 01:55:22', '2024-05-26 01:55:22'),
(293, 4, 'Sogamoso', '1', '1', '2024-05-26 01:55:22', '2024-05-26 01:55:22'),
(294, 4, 'Somondoco', '1', '1', '2024-05-26 01:55:22', '2024-05-26 01:55:22'),
(295, 4, 'Sora', '1', '1', '2024-05-26 01:55:22', '2024-05-26 01:55:22'),
(296, 4, 'Sotaquira', '1', '1', '2024-05-26 01:55:22', '2024-05-26 01:55:22'),
(297, 4, 'Soraca', '1', '1', '2024-05-26 01:55:22', '2024-05-26 01:55:22'),
(298, 4, 'Susacon', '1', '1', '2024-05-26 01:55:22', '2024-05-26 01:55:22'),
(299, 4, 'Sutamarchan', '1', '1', '2024-05-26 01:55:22', '2024-05-26 01:55:22'),
(300, 4, 'Sutatenza', '1', '1', '2024-05-26 01:55:22', '2024-05-26 01:55:22'),
(301, 4, 'Tasco', '1', '1', '2024-05-26 01:55:22', '2024-05-26 01:55:22'),
(302, 4, 'Tenza', '1', '1', '2024-05-26 01:55:22', '2024-05-26 01:55:22'),
(303, 4, 'Tibana', '1', '1', '2024-05-26 01:55:22', '2024-05-26 01:55:22'),
(304, 4, 'Tibasosa', '1', '1', '2024-05-26 01:55:22', '2024-05-26 01:55:22'),
(305, 4, 'Tinjacá', '1', '1', '2024-05-26 01:55:22', '2024-05-26 01:55:22'),
(306, 4, 'Tipacoque', '1', '1', '2024-05-26 01:55:22', '2024-05-26 01:55:22'),
(307, 4, 'Toca', '1', '1', '2024-05-26 01:55:22', '2024-05-26 01:55:22'),
(308, 4, 'Togsi', '1', '1', '2024-05-26 01:55:22', '2024-05-26 01:55:22'),
(309, 4, 'Topaga', '1', '1', '2024-05-26 01:55:22', '2024-05-26 01:55:22'),
(310, 4, 'Tota', '1', '1', '2024-05-26 01:55:22', '2024-05-26 01:55:22'),
(311, 4, 'Tunungua', '1', '1', '2024-05-26 01:55:22', '2024-05-26 01:55:22'),
(312, 4, 'Turmeque', '1', '1', '2024-05-26 01:55:22', '2024-05-26 01:55:22'),
(313, 4, 'Tuta', '1', '1', '2024-05-26 01:55:22', '2024-05-26 01:55:22'),
(314, 4, 'Tutaza', '1', '1', '2024-05-26 01:55:22', '2024-05-26 01:55:22'),
(315, 4, 'Umbita', '1', '1', '2024-05-26 01:55:22', '2024-05-26 01:55:22'),
(316, 4, 'Ventaquemada', '1', '1', '2024-05-26 01:55:22', '2024-05-26 01:55:22'),
(317, 4, 'Viracacha', '1', '1', '2024-05-26 01:55:22', '2024-05-26 01:55:22'),
(318, 4, 'Zetaquira', '1', '1', '2024-05-26 01:55:22', '2024-05-26 01:55:22'),
(319, 5, 'Manizales', '1', '1', '2024-05-26 01:55:22', '2024-05-26 01:55:22'),
(320, 5, 'Aguadas', '1', '1', '2024-05-26 01:55:22', '2024-05-26 01:55:22'),
(321, 5, 'Anserma', '1', '1', '2024-05-26 01:55:22', '2024-05-26 01:55:22'),
(322, 5, 'Aranzazu', '1', '1', '2024-05-26 01:55:22', '2024-05-26 01:55:22'),
(323, 5, 'Belalcazar', '1', '1', '2024-05-26 01:55:22', '2024-05-26 01:55:22'),
(324, 5, 'Chinchina', '1', '1', '2024-05-26 01:55:22', '2024-05-26 01:55:22'),
(325, 5, 'Filadelfia', '1', '1', '2024-05-26 01:55:22', '2024-05-26 01:55:22'),
(326, 5, 'La Dorada', '1', '1', '2024-05-26 01:55:22', '2024-05-26 01:55:22'),
(327, 5, 'La Merced', '1', '1', '2024-05-26 01:55:22', '2024-05-26 01:55:22'),
(328, 5, 'Manzanares', '1', '1', '2024-05-26 01:55:22', '2024-05-26 01:55:22'),
(329, 5, 'Marmato', '1', '1', '2024-05-26 01:55:22', '2024-05-26 01:55:22'),
(330, 5, 'Marquetalia', '1', '1', '2024-05-26 01:55:22', '2024-05-26 01:55:22'),
(331, 5, 'Marulanda', '1', '1', '2024-05-26 01:55:22', '2024-05-26 01:55:22'),
(332, 5, 'Neira', '1', '1', '2024-05-26 01:55:22', '2024-05-26 01:55:22'),
(333, 5, 'Norcasia', '1', '1', '2024-05-26 01:55:22', '2024-05-26 01:55:22'),
(334, 5, 'Pacora', '1', '1', '2024-05-26 01:55:22', '2024-05-26 01:55:22'),
(335, 5, 'Palestina', '1', '1', '2024-05-26 01:55:22', '2024-05-26 01:55:22'),
(336, 5, 'Pensilvania', '1', '1', '2024-05-26 01:55:22', '2024-05-26 01:55:22'),
(337, 5, 'Riosucio', '1', '1', '2024-05-26 01:55:22', '2024-05-26 01:55:22'),
(338, 5, 'Risaralda', '1', '1', '2024-05-26 01:55:22', '2024-05-26 01:55:22'),
(339, 5, 'Salamina', '1', '1', '2024-05-26 01:55:22', '2024-05-26 01:55:22'),
(340, 5, 'Samana', '1', '1', '2024-05-26 01:55:22', '2024-05-26 01:55:22'),
(341, 5, 'San Jose', '1', '1', '2024-05-26 01:55:22', '2024-05-26 01:55:22'),
(342, 5, 'Supia', '1', '1', '2024-05-26 01:55:22', '2024-05-26 01:55:22'),
(343, 5, 'Victoria', '1', '1', '2024-05-26 01:55:22', '2024-05-26 01:55:22'),
(344, 5, 'Villamaría', '1', '1', '2024-05-26 01:55:22', '2024-05-26 01:55:22'),
(345, 5, 'Viterbo', '1', '1', '2024-05-26 01:55:22', '2024-05-26 01:55:22'),
(346, 6, 'Florencia', '1', '1', '2024-05-26 01:55:22', '2024-05-26 01:55:22'),
(347, 6, 'Albania', '1', '1', '2024-05-26 01:55:22', '2024-05-26 01:55:22'),
(348, 6, 'Belén De Los Andaquies', '1', '1', '2024-05-26 01:55:22', '2024-05-26 01:55:22'),
(349, 6, 'Cartagena Del Chaira', '1', '1', '2024-05-26 01:55:22', '2024-05-26 01:55:22'),
(350, 6, 'Curillo', '1', '1', '2024-05-26 01:55:22', '2024-05-26 01:55:22'),
(351, 6, 'El Doncello', '1', '1', '2024-05-26 01:55:22', '2024-05-26 01:55:22'),
(352, 6, 'El Paujil', '1', '1', '2024-05-26 01:55:22', '2024-05-26 01:55:22'),
(353, 6, 'La Montañita', '1', '1', '2024-05-26 01:55:22', '2024-05-26 01:55:22'),
(354, 6, 'Milán', '1', '1', '2024-05-26 01:55:22', '2024-05-26 01:55:22'),
(355, 6, 'Morelia', '1', '1', '2024-05-26 01:55:22', '2024-05-26 01:55:22'),
(356, 6, 'Puerto Rico', '1', '1', '2024-05-26 01:55:22', '2024-05-26 01:55:22'),
(357, 6, 'San José Del Fragua', '1', '1', '2024-05-26 01:55:22', '2024-05-26 01:55:22'),
(358, 6, 'San Vicente Del Caguan', '1', '1', '2024-05-26 01:55:22', '2024-05-26 01:55:22'),
(359, 6, 'Solano', '1', '1', '2024-05-26 01:55:22', '2024-05-26 01:55:22'),
(360, 6, 'Solita', '1', '1', '2024-05-26 01:55:22', '2024-05-26 01:55:22'),
(361, 6, 'Valparaiso', '1', '1', '2024-05-26 01:55:22', '2024-05-26 01:55:22'),
(362, 7, 'Popayan', '1', '1', '2024-05-26 01:55:22', '2024-05-26 01:55:22'),
(363, 7, 'Almaguer', '1', '1', '2024-05-26 01:55:22', '2024-05-26 01:55:22'),
(364, 7, 'Argelia', '1', '1', '2024-05-26 01:55:22', '2024-05-26 01:55:22'),
(365, 7, 'Balboa', '1', '1', '2024-05-26 01:55:22', '2024-05-26 01:55:22'),
(366, 7, 'Bolivar', '1', '1', '2024-05-26 01:55:22', '2024-05-26 01:55:22'),
(367, 7, 'Buenos Aires', '1', '1', '2024-05-26 01:55:22', '2024-05-26 01:55:22'),
(368, 7, 'Cajibio', '1', '1', '2024-05-26 01:55:22', '2024-05-26 01:55:22'),
(369, 7, 'Caldono', '1', '1', '2024-05-26 01:55:22', '2024-05-26 01:55:22'),
(370, 7, 'Caloto', '1', '1', '2024-05-26 01:55:22', '2024-05-26 01:55:22'),
(371, 7, 'Corinto', '1', '1', '2024-05-26 01:55:22', '2024-05-26 01:55:22'),
(372, 7, 'El Tambo', '1', '1', '2024-05-26 01:55:22', '2024-05-26 01:55:22'),
(373, 7, 'Florencia', '1', '1', '2024-05-26 01:55:22', '2024-05-26 01:55:22'),
(374, 7, 'Guachene', '1', '1', '2024-05-26 01:55:22', '2024-05-26 01:55:22'),
(375, 7, 'Guapi', '1', '1', '2024-05-26 01:55:22', '2024-05-26 01:55:22'),
(376, 7, 'Inza', '1', '1', '2024-05-26 01:55:22', '2024-05-26 01:55:22'),
(377, 7, 'Jambalo', '1', '1', '2024-05-26 01:55:22', '2024-05-26 01:55:22'),
(378, 7, 'La Sierra', '1', '1', '2024-05-26 01:55:22', '2024-05-26 01:55:22'),
(379, 7, 'La Vega', '1', '1', '2024-05-26 01:55:22', '2024-05-26 01:55:22'),
(380, 7, 'Lopez', '1', '1', '2024-05-26 01:55:22', '2024-05-26 01:55:22'),
(381, 7, 'Mercaderes', '1', '1', '2024-05-26 01:55:22', '2024-05-26 01:55:22'),
(382, 7, 'Miranda', '1', '1', '2024-05-26 01:55:22', '2024-05-26 01:55:22'),
(383, 7, 'Morales', '1', '1', '2024-05-26 01:55:22', '2024-05-26 01:55:22'),
(384, 7, 'Padilla', '1', '1', '2024-05-26 01:55:22', '2024-05-26 01:55:22'),
(385, 7, 'Paez', '1', '1', '2024-05-26 01:55:22', '2024-05-26 01:55:22'),
(386, 7, 'Patia', '1', '1', '2024-05-26 01:55:22', '2024-05-26 01:55:22'),
(387, 7, 'Piamonte', '1', '1', '2024-05-26 01:55:22', '2024-05-26 01:55:22'),
(388, 7, 'Piendamo', '1', '1', '2024-05-26 01:55:22', '2024-05-26 01:55:22'),
(389, 7, 'Puerto Tejada', '1', '1', '2024-05-26 01:55:22', '2024-05-26 01:55:22'),
(390, 7, 'Purace', '1', '1', '2024-05-26 01:55:22', '2024-05-26 01:55:22'),
(391, 7, 'Rosas', '1', '1', '2024-05-26 01:55:22', '2024-05-26 01:55:22'),
(392, 7, 'San Sebastian', '1', '1', '2024-05-26 01:55:22', '2024-05-26 01:55:22'),
(393, 7, 'Santander De Quilichao', '1', '1', '2024-05-26 01:55:22', '2024-05-26 01:55:22'),
(394, 7, 'Santa Rosa', '1', '1', '2024-05-26 01:55:22', '2024-05-26 01:55:22'),
(395, 7, 'Silvia', '1', '1', '2024-05-26 01:55:22', '2024-05-26 01:55:22'),
(396, 7, 'Sotara', '1', '1', '2024-05-26 01:55:22', '2024-05-26 01:55:22'),
(397, 7, 'Suarez', '1', '1', '2024-05-26 01:55:22', '2024-05-26 01:55:22'),
(398, 7, 'Sucre', '1', '1', '2024-05-26 01:55:22', '2024-05-26 01:55:22'),
(399, 7, 'Timbio', '1', '1', '2024-05-26 01:55:22', '2024-05-26 01:55:22'),
(400, 7, 'Timbiqui', '1', '1', '2024-05-26 01:55:22', '2024-05-26 01:55:22'),
(401, 7, 'Toribio', '1', '1', '2024-05-26 01:55:22', '2024-05-26 01:55:22'),
(402, 7, 'Totoro', '1', '1', '2024-05-26 01:55:22', '2024-05-26 01:55:22'),
(403, 7, 'Villa Rica', '1', '1', '2024-05-26 01:55:22', '2024-05-26 01:55:22'),
(404, 8, 'Valledupar', '1', '1', '2024-05-26 01:55:22', '2024-05-26 01:55:22'),
(405, 8, 'Aguachica', '1', '1', '2024-05-26 01:55:22', '2024-05-26 01:55:22'),
(406, 8, 'Agustin Codazzi', '1', '1', '2024-05-26 01:55:22', '2024-05-26 01:55:22'),
(407, 8, 'Astrea', '1', '1', '2024-05-26 01:55:22', '2024-05-26 01:55:22'),
(408, 8, 'Becerril', '1', '1', '2024-05-26 01:55:22', '2024-05-26 01:55:22'),
(409, 8, 'Bosconia', '1', '1', '2024-05-26 01:55:22', '2024-05-26 01:55:22'),
(410, 8, 'Chimichagua', '1', '1', '2024-05-26 01:55:22', '2024-05-26 01:55:22'),
(411, 8, 'Chiriguana', '1', '1', '2024-05-26 01:55:22', '2024-05-26 01:55:22'),
(412, 8, 'Curumani', '1', '1', '2024-05-26 01:55:22', '2024-05-26 01:55:22'),
(413, 8, 'El Copey', '1', '1', '2024-05-26 01:55:22', '2024-05-26 01:55:22'),
(414, 8, 'El Paso', '1', '1', '2024-05-26 01:55:22', '2024-05-26 01:55:22'),
(415, 8, 'Gamarra', '1', '1', '2024-05-26 01:55:22', '2024-05-26 01:55:22'),
(416, 8, 'Gonzalez', '1', '1', '2024-05-26 01:55:22', '2024-05-26 01:55:22'),
(417, 8, 'La Gloria', '1', '1', '2024-05-26 01:55:22', '2024-05-26 01:55:22'),
(418, 8, 'La Jagua De Ibirico', '1', '1', '2024-05-26 01:55:22', '2024-05-26 01:55:22'),
(419, 8, 'Manaure', '1', '1', '2024-05-26 01:55:22', '2024-05-26 01:55:22'),
(420, 8, 'Pailitas', '1', '1', '2024-05-26 01:55:22', '2024-05-26 01:55:22'),
(421, 8, 'Pelaya', '1', '1', '2024-05-26 01:55:22', '2024-05-26 01:55:22'),
(422, 8, 'Pueblo Bello', '1', '1', '2024-05-26 01:55:22', '2024-05-26 01:55:22'),
(423, 8, 'Rio De Oro', '1', '1', '2024-05-26 01:55:22', '2024-05-26 01:55:22'),
(424, 8, 'La Paz', '1', '1', '2024-05-26 01:55:22', '2024-05-26 01:55:22'),
(425, 8, 'San Alberto', '1', '1', '2024-05-26 01:55:22', '2024-05-26 01:55:22'),
(426, 8, 'San Diego', '1', '1', '2024-05-26 01:55:22', '2024-05-26 01:55:22'),
(427, 8, 'San Martin', '1', '1', '2024-05-26 01:55:22', '2024-05-26 01:55:22'),
(428, 8, 'Tamalameque', '1', '1', '2024-05-26 01:55:22', '2024-05-26 01:55:22'),
(429, 9, 'Monteria', '1', '1', '2024-05-26 01:55:22', '2024-05-26 01:55:22'),
(430, 9, 'Ayapel', '1', '1', '2024-05-26 01:55:22', '2024-05-26 01:55:22'),
(431, 9, 'Buenavista', '1', '1', '2024-05-26 01:55:22', '2024-05-26 01:55:22'),
(432, 9, 'Canalete', '1', '1', '2024-05-26 01:55:22', '2024-05-26 01:55:22'),
(433, 9, 'Cerete', '1', '1', '2024-05-26 01:55:22', '2024-05-26 01:55:22'),
(434, 9, 'Chima', '1', '1', '2024-05-26 01:55:22', '2024-05-26 01:55:22'),
(435, 9, 'Chinu', '1', '1', '2024-05-26 01:55:22', '2024-05-26 01:55:22'),
(436, 9, 'Cienaga De Oro', '1', '1', '2024-05-26 01:55:22', '2024-05-26 01:55:22'),
(437, 9, 'Cotorra', '1', '1', '2024-05-26 01:55:22', '2024-05-26 01:55:22'),
(438, 9, 'La Apartada', '1', '1', '2024-05-26 01:55:22', '2024-05-26 01:55:22'),
(439, 9, 'Lorica', '1', '1', '2024-05-26 01:55:22', '2024-05-26 01:55:22'),
(440, 9, 'Los Cordobas', '1', '1', '2024-05-26 01:55:22', '2024-05-26 01:55:22'),
(441, 9, 'Momil', '1', '1', '2024-05-26 01:55:22', '2024-05-26 01:55:22'),
(442, 9, 'Montelibano', '1', '1', '2024-05-26 01:55:22', '2024-05-26 01:55:22'),
(443, 9, 'Moñitos', '1', '1', '2024-05-26 01:55:22', '2024-05-26 01:55:22'),
(444, 9, 'Planeta Rica', '1', '1', '2024-05-26 01:55:22', '2024-05-26 01:55:22'),
(445, 9, 'Pueblo Nuevo', '1', '1', '2024-05-26 01:55:22', '2024-05-26 01:55:22'),
(446, 9, 'Puerto Escondido', '1', '1', '2024-05-26 01:55:22', '2024-05-26 01:55:22'),
(447, 9, 'Puerto Libertador', '1', '1', '2024-05-26 01:55:22', '2024-05-26 01:55:22'),
(448, 9, 'Purisima', '1', '1', '2024-05-26 01:55:22', '2024-05-26 01:55:22'),
(449, 9, 'Sahagun', '1', '1', '2024-05-26 01:55:22', '2024-05-26 01:55:22'),
(450, 9, 'San Andres Sotavento', '1', '1', '2024-05-26 01:55:22', '2024-05-26 01:55:22'),
(451, 9, 'San Antero', '1', '1', '2024-05-26 01:55:22', '2024-05-26 01:55:22'),
(452, 9, 'San Bernardo Del Viento', '1', '1', '2024-05-26 01:55:22', '2024-05-26 01:55:22'),
(453, 9, 'San Carlos', '1', '1', '2024-05-26 01:55:22', '2024-05-26 01:55:22'),
(454, 9, 'San Pelayo', '1', '1', '2024-05-26 01:55:22', '2024-05-26 01:55:22'),
(455, 9, 'Tierralta', '1', '1', '2024-05-26 01:55:22', '2024-05-26 01:55:22'),
(456, 9, 'Valencia', '1', '1', '2024-05-26 01:55:22', '2024-05-26 01:55:22'),
(457, 10, 'Agua De Dios', '1', '1', '2024-05-26 01:55:22', '2024-05-26 01:55:22'),
(458, 10, 'Alban', '1', '1', '2024-05-26 01:55:22', '2024-05-26 01:55:22'),
(459, 10, 'Anapoima', '1', '1', '2024-05-26 01:55:22', '2024-05-26 01:55:22'),
(460, 10, 'Anolaima', '1', '1', '2024-05-26 01:55:22', '2024-05-26 01:55:22'),
(461, 10, 'Arbelaez', '1', '1', '2024-05-26 01:55:22', '2024-05-26 01:55:22'),
(462, 10, 'Beltran', '1', '1', '2024-05-26 01:55:22', '2024-05-26 01:55:22'),
(463, 10, 'Bituima', '1', '1', '2024-05-26 01:55:22', '2024-05-26 01:55:22'),
(464, 10, 'Bojaca', '1', '1', '2024-05-26 01:55:22', '2024-05-26 01:55:22'),
(465, 10, 'Bojaca', '1', '1', '2024-05-26 01:55:22', '2024-05-26 01:55:22'),
(466, 10, 'Cabrera', '1', '1', '2024-05-26 01:55:22', '2024-05-26 01:55:22'),
(467, 10, 'Cachipay', '1', '1', '2024-05-26 01:55:22', '2024-05-26 01:55:22'),
(468, 10, 'Cajica', '1', '1', '2024-05-26 01:55:22', '2024-05-26 01:55:22'),
(469, 10, 'Caparrapi', '1', '1', '2024-05-26 01:55:22', '2024-05-26 01:55:22'),
(470, 10, 'Caqueza', '1', '1', '2024-05-26 01:55:22', '2024-05-26 01:55:22'),
(471, 10, 'Carmen De Carupa', '1', '1', '2024-05-26 01:55:22', '2024-05-26 01:55:22'),
(472, 10, 'Chaguani', '1', '1', '2024-05-26 01:55:22', '2024-05-26 01:55:22'),
(473, 10, 'Chia', '1', '1', '2024-05-26 01:55:22', '2024-05-26 01:55:22'),
(474, 10, 'Chipaque', '1', '1', '2024-05-26 01:55:22', '2024-05-26 01:55:22'),
(475, 10, 'Choachi', '1', '1', '2024-05-26 01:55:22', '2024-05-26 01:55:22'),
(476, 10, 'Choconta', '1', '1', '2024-05-26 01:55:22', '2024-05-26 01:55:22'),
(477, 10, 'Cogua', '1', '1', '2024-05-26 01:55:22', '2024-05-26 01:55:22'),
(478, 10, 'Cota', '1', '1', '2024-05-26 01:55:22', '2024-05-26 01:55:22'),
(479, 10, 'Cucunuba', '1', '1', '2024-05-26 01:55:22', '2024-05-26 01:55:22'),
(480, 10, 'El Colegio', '1', '1', '2024-05-26 01:55:22', '2024-05-26 01:55:22'),
(481, 10, 'El Peñon', '1', '1', '2024-05-26 01:55:22', '2024-05-26 01:55:22'),
(482, 10, 'El Rosal', '1', '1', '2024-05-26 01:55:22', '2024-05-26 01:55:22'),
(483, 10, 'Facatativa', '1', '1', '2024-05-26 01:55:22', '2024-05-26 01:55:22'),
(484, 10, 'Fomeque', '1', '1', '2024-05-26 01:55:22', '2024-05-26 01:55:22'),
(485, 10, 'Fosca', '1', '1', '2024-05-26 01:55:22', '2024-05-26 01:55:22'),
(486, 10, 'Funza', '1', '1', '2024-05-26 01:55:22', '2024-05-26 01:55:22'),
(487, 10, 'Fuquene', '1', '1', '2024-05-26 01:55:22', '2024-05-26 01:55:22'),
(488, 10, 'Fusagasuga', '1', '1', '2024-05-26 01:55:22', '2024-05-26 01:55:22'),
(489, 10, 'Gachala', '1', '1', '2024-05-26 01:55:22', '2024-05-26 01:55:22'),
(490, 10, 'Gachancipa', '1', '1', '2024-05-26 01:55:22', '2024-05-26 01:55:22'),
(491, 10, 'Gacheta', '1', '1', '2024-05-26 01:55:22', '2024-05-26 01:55:22'),
(492, 10, 'Gama', '1', '1', '2024-05-26 01:55:22', '2024-05-26 01:55:22'),
(493, 10, 'Girardot', '1', '1', '2024-05-26 01:55:22', '2024-05-26 01:55:22'),
(494, 10, 'Granada', '1', '1', '2024-05-26 01:55:22', '2024-05-26 01:55:22'),
(495, 10, 'Guacheta', '1', '1', '2024-05-26 01:55:22', '2024-05-26 01:55:22'),
(496, 10, 'Guaduas', '1', '1', '2024-05-26 01:55:22', '2024-05-26 01:55:22'),
(497, 10, 'Guasca', '1', '1', '2024-05-26 01:55:22', '2024-05-26 01:55:22'),
(498, 10, 'Guataqui', '1', '1', '2024-05-26 01:55:22', '2024-05-26 01:55:22'),
(499, 10, 'Guatavita', '1', '1', '2024-05-26 01:55:22', '2024-05-26 01:55:22'),
(500, 10, 'Guayabal De Siquima', '1', '1', '2024-05-26 01:55:22', '2024-05-26 01:55:22'),
(501, 10, 'Guayabetal', '1', '1', '2024-05-26 01:55:22', '2024-05-26 01:55:22'),
(502, 10, 'Gutierrez', '1', '1', '2024-05-26 01:55:22', '2024-05-26 01:55:22'),
(503, 10, 'Jerusalen', '1', '1', '2024-05-26 01:55:22', '2024-05-26 01:55:22'),
(504, 10, 'Junin', '1', '1', '2024-05-26 01:55:22', '2024-05-26 01:55:22'),
(505, 10, 'La Calera', '1', '1', '2024-05-26 01:55:22', '2024-05-26 01:55:22'),
(506, 10, 'La Mesa', '1', '1', '2024-05-26 01:55:22', '2024-05-26 01:55:22'),
(507, 10, 'La Palma', '1', '1', '2024-05-26 01:55:22', '2024-05-26 01:55:22'),
(508, 10, 'La Peña', '1', '1', '2024-05-26 01:55:22', '2024-05-26 01:55:22'),
(509, 10, 'La Vega', '1', '1', '2024-05-26 01:55:22', '2024-05-26 01:55:22'),
(510, 10, 'Lenguazaque', '1', '1', '2024-05-26 01:55:22', '2024-05-26 01:55:22'),
(511, 10, 'Macheta', '1', '1', '2024-05-26 01:55:22', '2024-05-26 01:55:22'),
(512, 10, 'Madrid', '1', '1', '2024-05-26 01:55:22', '2024-05-26 01:55:22'),
(513, 10, 'Manta', '1', '1', '2024-05-26 01:55:22', '2024-05-26 01:55:22'),
(514, 10, 'Medina', '1', '1', '2024-05-26 01:55:22', '2024-05-26 01:55:22'),
(515, 10, 'Mosquera', '1', '1', '2024-05-26 01:55:22', '2024-05-26 01:55:22'),
(516, 10, 'Nariño', '1', '1', '2024-05-26 01:55:22', '2024-05-26 01:55:22'),
(517, 10, 'Nemocon', '1', '1', '2024-05-26 01:55:22', '2024-05-26 01:55:22'),
(518, 10, 'Nilo', '1', '1', '2024-05-26 01:55:22', '2024-05-26 01:55:22'),
(519, 10, 'Nimaima', '1', '1', '2024-05-26 01:55:22', '2024-05-26 01:55:22'),
(520, 10, 'Nocaima', '1', '1', '2024-05-26 01:55:22', '2024-05-26 01:55:22'),
(521, 10, 'Venecia', '1', '1', '2024-05-26 01:55:22', '2024-05-26 01:55:22'),
(522, 10, 'Pacho', '1', '1', '2024-05-26 01:55:22', '2024-05-26 01:55:22'),
(523, 10, 'Paime', '1', '1', '2024-05-26 01:55:22', '2024-05-26 01:55:22'),
(524, 10, 'Pandi', '1', '1', '2024-05-26 01:55:22', '2024-05-26 01:55:22'),
(525, 10, 'Paratebueno', '1', '1', '2024-05-26 01:55:22', '2024-05-26 01:55:22'),
(526, 10, 'Pasca', '1', '1', '2024-05-26 01:55:22', '2024-05-26 01:55:22'),
(527, 10, 'Puerto Salgar', '1', '1', '2024-05-26 01:55:22', '2024-05-26 01:55:22'),
(528, 10, 'Puli', '1', '1', '2024-05-26 01:55:22', '2024-05-26 01:55:22'),
(529, 10, 'Quebradanegra', '1', '1', '2024-05-26 01:55:22', '2024-05-26 01:55:22'),
(530, 10, 'Quetame', '1', '1', '2024-05-26 01:55:22', '2024-05-26 01:55:22'),
(531, 10, 'Quipile', '1', '1', '2024-05-26 01:55:22', '2024-05-26 01:55:22'),
(532, 10, 'Apulo', '1', '1', '2024-05-26 01:55:22', '2024-05-26 01:55:22'),
(533, 10, 'Ricaurte', '1', '1', '2024-05-26 01:55:22', '2024-05-26 01:55:22'),
(534, 10, 'San Antonio Del Tequendama', '1', '1', '2024-05-26 01:55:22', '2024-05-26 01:55:22'),
(535, 10, 'San Bernardo', '1', '1', '2024-05-26 01:55:22', '2024-05-26 01:55:22'),
(536, 10, 'San Cayetano', '1', '1', '2024-05-26 01:55:22', '2024-05-26 01:55:22'),
(537, 10, 'San Francisco', '1', '1', '2024-05-26 01:55:22', '2024-05-26 01:55:22'),
(538, 10, 'San Juan De Rio Seco', '1', '1', '2024-05-26 01:55:22', '2024-05-26 01:55:22'),
(539, 10, 'Sasaima', '1', '1', '2024-05-26 01:55:22', '2024-05-26 01:55:22'),
(540, 10, 'Sesquile', '1', '1', '2024-05-26 01:55:22', '2024-05-26 01:55:22'),
(541, 10, 'Sibate', '1', '1', '2024-05-26 01:55:22', '2024-05-26 01:55:22'),
(542, 10, 'Silvania', '1', '1', '2024-05-26 01:55:22', '2024-05-26 01:55:22'),
(543, 10, 'Simijaca', '1', '1', '2024-05-26 01:55:22', '2024-05-26 01:55:22'),
(544, 10, 'Soacha', '1', '1', '2024-05-26 01:55:22', '2024-05-26 01:55:22'),
(545, 10, 'Sopo', '1', '1', '2024-05-26 01:55:22', '2024-05-26 01:55:22'),
(546, 10, 'Subachoque', '1', '1', '2024-05-26 01:55:22', '2024-05-26 01:55:22'),
(547, 10, 'Suesca', '1', '1', '2024-05-26 01:55:22', '2024-05-26 01:55:22'),
(548, 10, 'Supata', '1', '1', '2024-05-26 01:55:22', '2024-05-26 01:55:22'),
(549, 10, 'Susa', '1', '1', '2024-05-26 01:55:22', '2024-05-26 01:55:22'),
(550, 10, 'Sutatausa', '1', '1', '2024-05-26 01:55:22', '2024-05-26 01:55:22'),
(551, 10, 'Tabio', '1', '1', '2024-05-26 01:55:22', '2024-05-26 01:55:22'),
(552, 10, 'Tausa', '1', '1', '2024-05-26 01:55:22', '2024-05-26 01:55:22'),
(553, 10, 'Tena', '1', '1', '2024-05-26 01:55:22', '2024-05-26 01:55:22'),
(554, 10, 'Tenjo', '1', '1', '2024-05-26 01:55:22', '2024-05-26 01:55:22'),
(555, 10, 'Tibacuy', '1', '1', '2024-05-26 01:55:22', '2024-05-26 01:55:22'),
(556, 10, 'Tibirita', '1', '1', '2024-05-26 01:55:22', '2024-05-26 01:55:22'),
(557, 10, 'Tocaima', '1', '1', '2024-05-26 01:55:22', '2024-05-26 01:55:22'),
(558, 10, 'Tocancipa', '1', '1', '2024-05-26 01:55:22', '2024-05-26 01:55:22'),
(559, 10, 'Topaipi', '1', '1', '2024-05-26 01:55:22', '2024-05-26 01:55:22'),
(560, 10, 'Ubala', '1', '1', '2024-05-26 01:55:22', '2024-05-26 01:55:22'),
(561, 10, 'Ubaque', '1', '1', '2024-05-26 01:55:22', '2024-05-26 01:55:22'),
(562, 10, 'Villa De San Diego De Ubate', '1', '1', '2024-05-26 01:55:22', '2024-05-26 01:55:22'),
(563, 10, 'Une', '1', '1', '2024-05-26 01:55:22', '2024-05-26 01:55:22'),
(564, 10, 'Utica', '1', '1', '2024-05-26 01:55:22', '2024-05-26 01:55:22'),
(565, 10, 'Vergara', '1', '1', '2024-05-26 01:55:22', '2024-05-26 01:55:22'),
(566, 10, 'Viani', '1', '1', '2024-05-26 01:55:22', '2024-05-26 01:55:22'),
(567, 10, 'Villagomez', '1', '1', '2024-05-26 01:55:22', '2024-05-26 01:55:22'),
(568, 10, 'Villapinzon', '1', '1', '2024-05-26 01:55:22', '2024-05-26 01:55:22'),
(569, 10, 'Villeta', '1', '1', '2024-05-26 01:55:22', '2024-05-26 01:55:22'),
(570, 10, 'Viota', '1', '1', '2024-05-26 01:55:22', '2024-05-26 01:55:22'),
(571, 10, 'Yacopi', '1', '1', '2024-05-26 01:55:22', '2024-05-26 01:55:22'),
(572, 10, 'Zipacon', '1', '1', '2024-05-26 01:55:22', '2024-05-26 01:55:22'),
(573, 10, 'Zipaquira', '1', '1', '2024-05-26 01:55:22', '2024-05-26 01:55:22'),
(574, 11, 'Quibdo', '1', '1', '2024-05-26 01:55:22', '2024-05-26 01:55:22'),
(575, 11, 'Acandi', '1', '1', '2024-05-26 01:55:22', '2024-05-26 01:55:22'),
(576, 11, 'Alto Baudo', '1', '1', '2024-05-26 01:55:22', '2024-05-26 01:55:22'),
(577, 11, 'Atrato', '1', '1', '2024-05-26 01:55:22', '2024-05-26 01:55:22'),
(578, 11, 'Bagado', '1', '1', '2024-05-26 01:55:22', '2024-05-26 01:55:22'),
(579, 11, 'Bahia Solano', '1', '1', '2024-05-26 01:55:22', '2024-05-26 01:55:22'),
(580, 11, 'Bajo Baudo', '1', '1', '2024-05-26 01:55:22', '2024-05-26 01:55:22'),
(581, 11, 'Bojaya', '1', '1', '2024-05-26 01:55:22', '2024-05-26 01:55:22'),
(582, 11, 'El Canton Del San Pablo', '1', '1', '2024-05-26 01:55:22', '2024-05-26 01:55:22'),
(583, 11, 'Carmen Del Darien', '1', '1', '2024-05-26 01:55:22', '2024-05-26 01:55:22'),
(584, 11, 'Certegui', '1', '1', '2024-05-26 01:55:22', '2024-05-26 01:55:22'),
(585, 11, 'Condoto', '1', '1', '2024-05-26 01:55:22', '2024-05-26 01:55:22'),
(586, 11, 'El Carmen De Atrato', '1', '1', '2024-05-26 01:55:22', '2024-05-26 01:55:22'),
(587, 11, 'El Litoral Del San Juan', '1', '1', '2024-05-26 01:55:22', '2024-05-26 01:55:22'),
(588, 11, 'Istmina', '1', '1', '2024-05-26 01:55:22', '2024-05-26 01:55:22'),
(589, 11, 'Jurado', '1', '1', '2024-05-26 01:55:22', '2024-05-26 01:55:22'),
(590, 11, 'Lloro', '1', '1', '2024-05-26 01:55:22', '2024-05-26 01:55:22'),
(591, 11, 'Medio Atrato', '1', '1', '2024-05-26 01:55:22', '2024-05-26 01:55:22'),
(592, 11, 'Medio Baudo', '1', '1', '2024-05-26 01:55:22', '2024-05-26 01:55:22'),
(593, 11, 'Medio San Juan', '1', '1', '2024-05-26 01:55:22', '2024-05-26 01:55:22'),
(594, 11, 'Novita', '1', '1', '2024-05-26 01:55:22', '2024-05-26 01:55:22'),
(595, 11, 'Nuqui', '1', '1', '2024-05-26 01:55:22', '2024-05-26 01:55:22'),
(596, 11, 'Rio Iro', '1', '1', '2024-05-26 01:55:22', '2024-05-26 01:55:22'),
(597, 11, 'Rio Quito', '1', '1', '2024-05-26 01:55:22', '2024-05-26 01:55:22'),
(598, 11, 'Riosucio', '1', '1', '2024-05-26 01:55:22', '2024-05-26 01:55:22'),
(599, 11, 'San Jose Del Palmar', '1', '1', '2024-05-26 01:55:22', '2024-05-26 01:55:22'),
(600, 11, 'Sipi', '1', '1', '2024-05-26 01:55:22', '2024-05-26 01:55:22'),
(601, 11, 'Tado', '1', '1', '2024-05-26 01:55:22', '2024-05-26 01:55:22'),
(602, 11, 'Unguia', '1', '1', '2024-05-26 01:55:22', '2024-05-26 01:55:22'),
(603, 11, 'Union Panamericana', '1', '1', '2024-05-26 01:55:22', '2024-05-26 01:55:22'),
(604, 12, 'Neiva', '1', '1', '2024-05-26 01:55:22', '2024-05-26 01:55:22'),
(605, 12, 'Acevedo', '1', '1', '2024-05-26 01:55:22', '2024-05-26 01:55:22'),
(606, 12, 'Agrado', '1', '1', '2024-05-26 01:55:22', '2024-05-26 01:55:22'),
(607, 12, 'Aipe', '1', '1', '2024-05-26 01:55:22', '2024-05-26 01:55:22'),
(608, 12, 'Algeciras', '1', '1', '2024-05-26 01:55:22', '2024-05-26 01:55:22'),
(609, 12, 'Altamira', '1', '1', '2024-05-26 01:55:22', '2024-05-26 01:55:22'),
(610, 12, 'Baraya', '1', '1', '2024-05-26 01:55:22', '2024-05-26 01:55:22'),
(611, 12, 'Campoalegre', '1', '1', '2024-05-26 01:55:22', '2024-05-26 01:55:22'),
(612, 12, 'Colombia', '1', '1', '2024-05-26 01:58:23', '2024-05-26 01:58:23'),
(613, 12, 'Elias', '1', '1', '2024-05-26 01:58:23', '2024-05-26 01:58:23'),
(614, 12, 'Garzon', '1', '1', '2024-05-26 01:58:23', '2024-05-26 01:58:23'),
(615, 12, 'Gigante', '1', '1', '2024-05-26 01:58:23', '2024-05-26 01:58:23'),
(616, 12, 'Guadalupe', '1', '1', '2024-05-26 01:58:23', '2024-05-26 01:58:23'),
(617, 12, 'Hobo', '1', '1', '2024-05-26 01:58:23', '2024-05-26 01:58:23'),
(618, 12, 'Iquira', '1', '1', '2024-05-26 01:58:23', '2024-05-26 01:58:23'),
(619, 12, 'Isnos', '1', '1', '2024-05-26 01:58:23', '2024-05-26 01:58:23'),
(620, 12, 'La Argentina', '1', '1', '2024-05-26 01:58:23', '2024-05-26 01:58:23'),
(621, 12, 'La Plata', '1', '1', '2024-05-26 01:58:23', '2024-05-26 01:58:23'),
(622, 12, 'Nataga', '1', '1', '2024-05-26 01:58:23', '2024-05-26 01:58:23'),
(623, 12, 'Oporapa', '1', '1', '2024-05-26 01:58:23', '2024-05-26 01:58:23'),
(624, 12, 'Paicol', '1', '1', '2024-05-26 01:58:23', '2024-05-26 01:58:23'),
(625, 12, 'Palermo', '1', '1', '2024-05-26 01:58:23', '2024-05-26 01:58:23'),
(626, 12, 'Palestina', '1', '1', '2024-05-26 01:58:23', '2024-05-26 01:58:23'),
(627, 12, 'Pital', '1', '1', '2024-05-26 01:58:23', '2024-05-26 01:58:23'),
(628, 12, 'Pitalito', '1', '1', '2024-05-26 01:58:23', '2024-05-26 01:58:23'),
(629, 12, 'Rivera', '1', '1', '2024-05-26 01:58:23', '2024-05-26 01:58:23'),
(630, 12, 'Saladoblanco', '1', '1', '2024-05-26 01:58:23', '2024-05-26 01:58:23'),
(631, 12, 'San Agustin', '1', '1', '2024-05-26 01:58:23', '2024-05-26 01:58:23'),
(632, 12, 'Santa Maria', '1', '1', '2024-05-26 01:58:23', '2024-05-26 01:58:23'),
(633, 12, 'Suaza', '1', '1', '2024-05-26 01:58:23', '2024-05-26 01:58:23'),
(634, 12, 'Tarqui', '1', '1', '2024-05-26 01:58:23', '2024-05-26 01:58:23'),
(635, 12, 'Tesalia', '1', '1', '2024-05-26 01:58:23', '2024-05-26 01:58:23'),
(636, 12, 'Tello', '1', '1', '2024-05-26 01:58:23', '2024-05-26 01:58:23'),
(637, 12, 'Teruel', '1', '1', '2024-05-26 01:58:23', '2024-05-26 01:58:23'),
(638, 12, 'Timana', '1', '1', '2024-05-26 01:58:23', '2024-05-26 01:58:23'),
(639, 12, 'Villavieja', '1', '1', '2024-05-26 01:58:23', '2024-05-26 01:58:23'),
(640, 12, 'Yaguara', '1', '1', '2024-05-26 01:58:23', '2024-05-26 01:58:23'),
(641, 13, 'Riohacha', '1', '1', '2024-05-26 01:58:23', '2024-05-26 01:58:23'),
(642, 13, 'Albania', '1', '1', '2024-05-26 01:58:23', '2024-05-26 01:58:23'),
(643, 13, 'Barrancas', '1', '1', '2024-05-26 01:58:23', '2024-05-26 01:58:23'),
(644, 13, 'Dibulla', '1', '1', '2024-05-26 01:58:23', '2024-05-26 01:58:23'),
(645, 13, 'Distraccion', '1', '1', '2024-05-26 01:58:23', '2024-05-26 01:58:23'),
(646, 13, 'El Molino', '1', '1', '2024-05-26 01:58:23', '2024-05-26 01:58:23'),
(647, 13, 'Fonseca', '1', '1', '2024-05-26 01:58:23', '2024-05-26 01:58:23'),
(648, 13, 'Hatonuevo', '1', '1', '2024-05-26 01:58:23', '2024-05-26 01:58:23'),
(649, 13, 'La Jagua Del Pilar', '1', '1', '2024-05-26 01:58:23', '2024-05-26 01:58:23'),
(650, 13, 'Maicao', '1', '1', '2024-05-26 01:58:23', '2024-05-26 01:58:23');

-- --------------------------------------------------------

--
-- Estructura de tabla para la tabla `departamentos`
--

CREATE TABLE `departamentos` (
  `id` bigint(20) UNSIGNED NOT NULL,
  `pais_id` bigint(20) UNSIGNED NOT NULL,
  `name` varchar(255) NOT NULL,
  `status` varchar(255) NOT NULL,
  `register_user` varchar(255) NOT NULL,
  `created_at` timestamp NULL DEFAULT NULL,
  `updated_at` timestamp NULL DEFAULT NULL
) ENGINE=InnoDB DEFAULT CHARSET=utf8mb4 COLLATE=utf8mb4_unicode_ci;

--
-- Volcado de datos para la tabla `departamentos`
--

INSERT INTO `departamentos` (`id`, `pais_id`, `name`, `status`, `register_user`, `created_at`, `updated_at`) VALUES
(1, 1, 'Antioquia', '1', '1', '2024-05-13 06:35:04', '2024-07-26 21:51:36'),
(2, 1, 'Atlántico', '1', '1', '2024-05-13 06:35:04', '2024-05-13 06:35:04'),
(3, 1, 'Bolívar', '1', '1', '2024-05-13 06:35:04', '2024-05-13 06:35:04'),
(4, 1, 'Boyacá', '1', '1', '2024-05-13 06:35:04', '2024-05-13 06:35:04'),
(5, 1, 'Caldas', '1', '1', '2024-05-13 06:35:04', '2024-05-13 06:35:04'),
(6, 1, 'Caquetá', '1', '1', '2024-05-13 06:35:04', '2024-05-13 06:35:04'),
(7, 1, 'Cauca', '1', '1', '2024-05-13 06:35:04', '2024-05-13 06:35:04'),
(8, 1, 'Cesar', '1', '1', '2024-05-13 06:35:04', '2024-05-13 06:35:04'),
(9, 1, 'Córdoba', '1', '1', '2024-05-13 06:35:04', '2024-05-13 06:35:04'),
(10, 1, 'Cundinamarca', '1', '1', '2024-05-13 06:35:04', '2024-05-13 06:35:04'),
(11, 1, 'Choco', '1', '1', '2024-05-13 06:35:04', '2024-07-26 21:51:50'),
(12, 1, 'Huila', '1', '1', '2024-05-13 06:35:04', '2024-05-13 06:35:04'),
(13, 1, 'La Guajira', '1', '1', '2024-05-13 06:35:04', '2024-05-13 06:35:04'),
(14, 1, 'Magdalena', '1', '1', '2024-05-13 06:35:04', '2024-05-13 06:35:04'),
(15, 1, 'Meta', '1', '1', '2024-05-13 06:35:04', '2024-05-13 06:35:04'),
(16, 1, 'Nariño', '1', '1', '2024-05-13 06:35:04', '2024-05-13 06:35:04'),
(17, 1, 'Norte De Santander', '1', '1', '2024-05-13 06:35:04', '2024-05-13 06:35:04'),
(18, 1, 'Quindío', '1', '1', '2024-05-13 06:35:04', '2024-05-13 06:35:04'),
(19, 1, 'Risaralda', '1', '1', '2024-05-13 06:35:04', '2024-05-13 06:35:04'),
(20, 1, 'Santander', '1', '1', '2024-05-13 06:35:04', '2024-05-13 06:35:04'),
(21, 1, 'Sucre', '1', '1', '2024-05-13 06:35:04', '2024-05-13 06:35:04'),
(22, 1, 'Tolima', '1', '1', '2024-05-13 06:35:04', '2024-05-13 06:35:04'),
(23, 1, 'Valle Del Cauca', '1', '1', '2024-05-13 06:35:04', '2024-05-13 06:35:04'),
(24, 1, 'Arauca', '1', '1', '2024-05-13 06:35:04', '2024-05-13 06:35:04'),
(25, 1, 'Casanare', '1', '1', '2024-05-13 06:35:04', '2024-05-13 06:35:04'),
(26, 1, 'Putumayo', '1', '1', '2024-05-13 06:35:04', '2024-05-13 06:35:04'),
(27, 1, 'San Andrés', '1', '1', '2024-05-13 06:35:04', '2024-05-13 06:35:04'),
(28, 1, 'Amazonas', '1', '1', '2024-05-13 06:35:04', '2024-05-13 06:35:04'),
(29, 1, 'Guainía', '1', '1', '2024-05-13 06:35:04', '2024-05-13 06:35:04'),
(30, 1, 'Guaviare', '1', '1', '2024-05-13 06:35:04', '2024-05-13 06:35:04'),
(31, 1, 'Vaupés', '1', '1', '2024-05-13 06:35:04', '2024-05-13 06:35:04'),
(32, 1, 'Vichada', '1', '1', '2024-05-13 06:35:04', '2024-05-13 06:35:04'),
(33, 1, 'Bogotá', '1', '1', '2024-05-13 06:35:04', '2024-05-13 05:00:00');

-- --------------------------------------------------------

--
-- Estructura de tabla para la tabla `failed_jobs`
--

CREATE TABLE `failed_jobs` (
  `id` bigint(20) UNSIGNED NOT NULL,
  `uuid` varchar(255) NOT NULL,
  `connection` text NOT NULL,
  `queue` text NOT NULL,
  `payload` longtext NOT NULL,
  `exception` longtext NOT NULL,
  `failed_at` timestamp NOT NULL DEFAULT current_timestamp()
) ENGINE=InnoDB DEFAULT CHARSET=utf8mb4 COLLATE=utf8mb4_unicode_ci;

-- --------------------------------------------------------

--
-- Estructura de tabla para la tabla `jobs`
--

CREATE TABLE `jobs` (
  `id` bigint(20) UNSIGNED NOT NULL,
  `queue` varchar(255) NOT NULL,
  `payload` longtext NOT NULL,
  `attempts` tinyint(3) UNSIGNED NOT NULL,
  `reserved_at` int(10) UNSIGNED DEFAULT NULL,
  `available_at` int(10) UNSIGNED NOT NULL,
  `created_at` int(10) UNSIGNED NOT NULL
) ENGINE=InnoDB DEFAULT CHARSET=utf8mb4 COLLATE=utf8mb4_unicode_ci;

-- --------------------------------------------------------

--
-- Estructura de tabla para la tabla `job_batches`
--

CREATE TABLE `job_batches` (
  `id` varchar(255) NOT NULL,
  `name` varchar(255) NOT NULL,
  `total_jobs` int(11) NOT NULL,
  `pending_jobs` int(11) NOT NULL,
  `failed_jobs` int(11) NOT NULL,
  `failed_job_ids` longtext NOT NULL,
  `options` mediumtext DEFAULT NULL,
  `cancelled_at` int(11) DEFAULT NULL,
  `created_at` int(11) NOT NULL,
  `finished_at` int(11) DEFAULT NULL
) ENGINE=InnoDB DEFAULT CHARSET=utf8mb4 COLLATE=utf8mb4_unicode_ci;

-- --------------------------------------------------------

--
-- Estructura de tabla para la tabla `migrations`
--

CREATE TABLE `migrations` (
  `id` int(10) UNSIGNED NOT NULL,
  `migration` varchar(255) NOT NULL,
  `batch` int(11) NOT NULL
) ENGINE=InnoDB DEFAULT CHARSET=utf8mb4 COLLATE=utf8mb4_unicode_ci;

--
-- Volcado de datos para la tabla `migrations`
--

INSERT INTO `migrations` (`id`, `migration`, `batch`) VALUES
(1, '0001_01_01_000000_create_users_table', 1),
(2, '0001_01_01_000001_create_cache_table', 1),
(3, '0001_01_01_000002_create_jobs_table', 1),
(4, '2024_09_05_145039_create_services', 2),
(5, '2024_09_05_145951_create_services', 3),
(6, '2024_09_05_150242_create_pais_table', 4),
(7, '2024_09_05_150444_create_departamentos_table', 5),
(8, '2024_09_05_151201_create_ciudads_table', 6),
(9, '2024_09_05_151356_create_testimonios_table', 7);

-- --------------------------------------------------------

--
-- Estructura de tabla para la tabla `pais`
--

CREATE TABLE `pais` (
  `id` bigint(20) UNSIGNED NOT NULL,
  `name` varchar(255) NOT NULL,
  `status` varchar(255) NOT NULL,
  `register_user` varchar(255) NOT NULL,
  `created_at` timestamp NULL DEFAULT NULL,
  `updated_at` timestamp NULL DEFAULT NULL
) ENGINE=InnoDB DEFAULT CHARSET=utf8mb4 COLLATE=utf8mb4_unicode_ci;

--
-- Volcado de datos para la tabla `pais`
--

INSERT INTO `pais` (`id`, `name`, `status`, `register_user`, `created_at`, `updated_at`) VALUES
(1, 'Colombia', '1', '1', '2024-05-05 08:37:55', '2024-07-17 05:00:00');

-- --------------------------------------------------------

--
-- Estructura de tabla para la tabla `password_reset_tokens`
--

CREATE TABLE `password_reset_tokens` (
  `email` varchar(255) NOT NULL,
  `token` varchar(255) NOT NULL,
  `created_at` timestamp NULL DEFAULT NULL
) ENGINE=InnoDB DEFAULT CHARSET=utf8mb4 COLLATE=utf8mb4_unicode_ci;

--
-- Volcado de datos para la tabla `password_reset_tokens`
--

INSERT INTO `password_reset_tokens` (`email`, `token`, `created_at`) VALUES
('jhon@example.com', '$2y$12$n4fs2Q7ZR7kKi5CtGgKO9e8OS.ihobzPFhTdawasEajH0JWuM1Mxi', '2024-09-04 14:08:29');

-- --------------------------------------------------------

--
-- Estructura de tabla para la tabla `services`
--

CREATE TABLE `services` (
  `id` bigint(20) UNSIGNED NOT NULL,
  `name` varchar(255) NOT NULL,
  `description` varchar(255) NOT NULL,
  `image` varchar(255) NOT NULL,
  `state` varchar(255) NOT NULL,
  `register_user` varchar(255) NOT NULL,
  `created_at` timestamp NULL DEFAULT NULL,
  `updated_at` timestamp NULL DEFAULT NULL
) ENGINE=InnoDB DEFAULT CHARSET=utf8mb4 COLLATE=utf8mb4_unicode_ci;

--
-- Volcado de datos para la tabla `services`
--

INSERT INTO `services` (`id`, `name`, `description`, `image`, `state`, `register_user`, `created_at`, `updated_at`) VALUES
(1, 'WorldWide Tours', 'Dolor sit amet consectetur adipisicing elit. Non alias eum, suscipit expedita corrupti officiis debitis possimus nam laudantium beatae quidem dolore consequuntur voluptate rem reiciendis, omnis sequi harum earum.', 'fa-globe', 'activo', '2', '2024-09-09 18:53:46', '2024-09-09 18:53:46'),
(2, 'Hotel Reservation', 'Dolor sit amet consectetur adipisicing elit. Non alias eum, suscipit expedita corrupti officiis debitis possimus nam laudantium beatae quidem dolore consequuntur voluptate rem reiciendis, omnis sequi harum earum.', 'fa-hotel', 'Activo', '2', '2024-09-09 20:42:14', '2024-09-09 20:42:14'),
(5, 'Travel Guides', 'Dolor sit amet consectetur adipisicing elit. Non alias eum, suscipit expedita corrupti officiis debitis possimus nam laudantium beatae quidem dolore consequuntur voluptate rem reiciendis, omnis sequi harum earum.', 'fa-user', 'Activo', '2', '2024-09-09 20:45:43', '2024-09-09 20:45:43'),
(6, 'Hotel Guides', 'asdsadsadsadsad asdfasasdfads asf adsf', 'fa-home', 'True', '3', '2024-09-14 03:56:53', '2024-09-14 03:56:53'),
(7, 'Consequatur eos porro voluptatem quae animi quas totam.', 'Reiciendis delectus voluptas commodi natus. Et ipsa et et. Ut dicta non veritatis velit neque.', 'fa-home', '1', '6', '2024-09-21 04:52:27', '2024-09-21 04:52:27'),
(8, 'Ullam sed et aut assumenda possimus dolorum culpa.', 'Consequuntur molestiae error amet ut quas atque ut. Hic quia consequatur odit quia ut eum. Molestias tempore quaerat delectus et odio.', 'fa-home', '1', '7', '2024-09-21 04:52:27', '2024-09-21 04:52:27'),
(9, 'Officiis quo quas in omnis.', 'Molestias mollitia itaque est recusandae praesentium asperiores. Voluptatibus aut similique dignissimos deleniti sit. Fugit nihil et ab eos exercitationem. Nesciunt vel nesciunt sapiente et aliquam.', 'fa-camera', '1', '8', '2024-09-21 04:52:27', '2024-09-21 04:52:27'),
(10, 'Qui et qui nemo sit.', 'In et ab quisquam ipsum facilis et vel. Vel cum quam quia dolorum consectetur. Facere qui qui expedita et blanditiis optio beatae. Molestias facilis sed architecto et.', 'fa-star', '1', '9', '2024-09-21 04:52:27', '2024-09-21 04:52:27'),
(11, 'Totam vel iste tempore.', 'Odio maiores aperiam modi velit. Error libero amet dolore cum exercitationem dolorum. Nihil nisi ipsa illum aut aspernatur ut consequatur. Adipisci quos aut aliquam sit quasi ut et.', 'fa-map-marker', '1', '10', '2024-09-21 04:52:27', '2024-09-21 04:52:27'),
(12, 'Recusandae placeat numquam eos molestiae.', 'Et et facere quaerat voluptas ab sit. Minima eaque aspernatur nemo quasi. Ut libero temporibus dolore et. Nihil ea eveniet saepe voluptatem qui.', 'fa-star', '1', '11', '2024-09-21 04:52:27', '2024-09-21 04:52:27'),
(13, 'Veniam ut et maxime et minima consequatur quia.', 'Ex rerum numquam voluptates ipsa quod alias voluptate. Aspernatur omnis earum dolores architecto. Porro ipsa ipsam sit nisi quibusdam commodi exercitationem enim.', 'fa-phone', '1', '12', '2024-09-21 04:52:27', '2024-09-21 04:52:27'),
(14, 'A et est ea blanditiis nihil voluptas veniam.', 'Numquam nihil unde optio nostrum officiis. Explicabo consectetur dolor illum natus rerum. Culpa iure commodi nesciunt occaecati velit.', 'fa-suitcase', '1', '13', '2024-09-21 04:52:27', '2024-09-21 04:52:27'),
(15, 'In magni molestiae ipsam dolor et illo.', 'Reprehenderit porro veniam consequatur id et aut. Et nemo perferendis architecto reprehenderit sunt a.', 'fa-suitcase', '1', '14', '2024-09-21 04:52:27', '2024-09-21 04:52:27'),
(16, 'Ullam et cumque dignissimos vel repudiandae.', 'Aut voluptates rem asperiores est esse repudiandae neque. Asperiores voluptatibus sed incidunt deserunt ut maiores. Corrupti vel molestiae dicta ab.', 'fa-car', '1', '15', '2024-09-21 04:52:27', '2024-09-21 04:52:27'),
(17, 'Rerum ut porro ut sunt et.', 'Animi sunt tempora et eveniet dolorem. Id eos cupiditate asperiores. Libero magni sunt quia impedit pariatur. Libero est velit eveniet sint.', 'fa-cog', '1', '16', '2024-09-21 05:04:59', '2024-09-21 05:04:59'),
(18, 'Nisi error cupiditate officiis ducimus.', 'Blanditiis et corporis et voluptatem voluptate soluta esse. Et id vel sunt rerum tempore autem sed. Ex voluptates eligendi in velit natus repudiandae. Perferendis et architecto sunt officiis sed qui.', 'fa-car', '1', '17', '2024-09-21 05:04:59', '2024-09-21 05:04:59'),
(19, 'Quo et facere blanditiis eaque distinctio aut quisquam.', 'Laudantium sunt et voluptatum ut. Ut ipsum optio optio nesciunt. Non suscipit id enim explicabo amet.', 'fa-phone', '1', '18', '2024-09-21 05:04:59', '2024-09-21 05:04:59'),
(20, 'Aut quod quia voluptatem velit architecto perspiciatis.', 'Iste voluptatem ex consequuntur et. Minima et iure ad quisquam consequatur pariatur exercitationem.', 'fa-camera', '1', '19', '2024-09-21 05:04:59', '2024-09-21 05:04:59'),
(21, 'Cupiditate quasi numquam molestiae architecto consectetur autem voluptas.', 'Repellat molestiae tempora et consequatur vel ipsa consectetur. Deserunt id expedita quidem saepe repellendus. Et doloribus nobis in nihil reiciendis quasi.', 'fa-phone', '1', '20', '2024-09-21 05:04:59', '2024-09-21 05:04:59'),
(22, 'Natus earum rerum numquam exercitationem nemo distinctio quo.', 'Eveniet dolorem ex quibusdam est ab dolor. Harum cupiditate eum provident cupiditate nemo voluptates expedita debitis. Nobis non ea minus. Doloremque ex accusamus sint odit sit voluptas unde.', 'fa-camera', '1', '21', '2024-09-21 05:04:59', '2024-09-21 05:04:59'),
(23, 'Non asperiores libero sapiente vel exercitationem assumenda ex.', 'Enim illo esse laudantium qui aspernatur. Id ratione dolores eius necessitatibus facilis. Minima ut eos ut dolor similique maxime. Laboriosam dolores porro esse illum illum.', 'fa-flag', '1', '22', '2024-09-21 05:04:59', '2024-09-21 05:04:59'),
(24, 'Modi voluptas animi ut est dolor nemo.', 'Delectus quaerat molestiae veritatis quia quia eos. Est culpa ipsam et. Illo dicta inventore sint temporibus.', 'fa-suitcase', '1', '23', '2024-09-21 05:04:59', '2024-09-21 05:04:59'),
(25, 'Accusamus rem odit id facilis voluptatem dolor.', 'Amet quibusdam saepe rerum expedita. Ducimus vel consequatur temporibus modi quo. Aut atque enim ipsa odio.', 'fa-heart', '1', '24', '2024-09-21 05:04:59', '2024-09-21 05:04:59'),
(26, 'At nostrum eveniet sequi voluptas.', 'Repellendus libero deserunt ut. Architecto laborum delectus quaerat non eos et quia. Nam sit earum mollitia doloribus.', 'fa-user', '1', '25', '2024-09-21 05:04:59', '2024-09-21 05:04:59');

-- --------------------------------------------------------

--
-- Estructura de tabla para la tabla `sessions`
--

CREATE TABLE `sessions` (
  `id` varchar(255) NOT NULL,
  `user_id` bigint(20) UNSIGNED DEFAULT NULL,
  `ip_address` varchar(45) DEFAULT NULL,
  `user_agent` text DEFAULT NULL,
  `payload` longtext NOT NULL,
  `last_activity` int(11) NOT NULL
) ENGINE=InnoDB DEFAULT CHARSET=utf8mb4 COLLATE=utf8mb4_unicode_ci;

--
-- Volcado de datos para la tabla `sessions`
--

INSERT INTO `sessions` (`id`, `user_id`, `ip_address`, `user_agent`, `payload`, `last_activity`) VALUES
('QzUdmKvg088yrmzUrNlH10C4IMGATBjbFmqR2TAb', 3, '127.0.0.1', 'Mozilla/5.0 (Windows NT 10.0; Win64; x64) AppleWebKit/537.36 (KHTML, like Gecko) Chrome/127.0.0.0 Safari/537.36 OPR/113.0.0.0', 'YTo2OntzOjY6Il90b2tlbiI7czo0MDoibzFzNkY1ZXhwQ1V3N1BoRmkyM3dVelRIb2VPcENyNEtIRXRXVG5odyI7czozOiJ1cmwiO2E6MDp7fXM6OToiX3ByZXZpb3VzIjthOjE6e3M6MzoidXJsIjtzOjI5OiJodHRwOi8vMTI3LjAuMC4xOjgwMDAvc2VydmljZSI7fXM6NjoiX2ZsYXNoIjthOjI6e3M6Mzoib2xkIjthOjA6e31zOjM6Im5ldyI7YTowOnt9fXM6NTA6ImxvZ2luX3dlYl81OWJhMzZhZGRjMmIyZjk0MDE1ODBmMDE0YzdmNThlYTRlMzA5ODlkIjtpOjM7czo0OiJhdXRoIjthOjE6e3M6MjE6InBhc3N3b3JkX2NvbmZpcm1lZF9hdCI7aToxNzI2ODkyNTM0O319', 1726895100),
('upJ9W42VLogg7r1R3dDS5TylHDQIK8eNKvm2iMOi', NULL, '127.0.0.1', 'Mozilla/5.0 (Windows NT 10.0; Win64; x64) AppleWebKit/537.36 (KHTML, like Gecko) Chrome/127.0.0.0 Safari/537.36 OPR/113.0.0.0', 'YTo0OntzOjY6Il90b2tlbiI7czo0MDoiTFJEejJXVWlBN1pvellhVGgydUMwaHpHNWJET2JRMjlCQWVnVGxDZCI7czo2OiJfZmxhc2giO2E6Mjp7czozOiJvbGQiO2E6MDp7fXM6MzoibmV3IjthOjA6e319czozOiJ1cmwiO2E6MTp7czo4OiJpbnRlbmRlZCI7czoyMToiaHR0cDovLzEyNy4wLjAuMTo4MDAwIjt9czo5OiJfcHJldmlvdXMiO2E6MTp7czozOiJ1cmwiO3M6Mjc6Imh0dHA6Ly8xMjcuMC4wLjE6ODAwMC9sb2dpbiI7fX0=', 1726286470);

-- --------------------------------------------------------

--
-- Estructura de tabla para la tabla `testimonios`
--

CREATE TABLE `testimonios` (
  `id` bigint(20) UNSIGNED NOT NULL,
  `service_id` bigint(20) UNSIGNED NOT NULL,
  `ciudad_id` bigint(20) UNSIGNED NOT NULL,
  `user_id` bigint(20) UNSIGNED NOT NULL,
  `message` varchar(255) NOT NULL,
  `image` varchar(255) NOT NULL,
  `status` varchar(255) NOT NULL,
  `register_user` varchar(255) NOT NULL,
  `created_at` timestamp NULL DEFAULT NULL,
  `updated_at` timestamp NULL DEFAULT NULL
) ENGINE=InnoDB DEFAULT CHARSET=utf8mb4 COLLATE=utf8mb4_unicode_ci;

-- --------------------------------------------------------

--
-- Estructura de tabla para la tabla `users`
--

CREATE TABLE `users` (
  `id` bigint(20) UNSIGNED NOT NULL,
  `name` varchar(255) NOT NULL,
  `email` varchar(255) NOT NULL,
  `email_verified_at` timestamp NULL DEFAULT NULL,
  `password` varchar(255) NOT NULL,
  `remember_token` varchar(100) DEFAULT NULL,
  `created_at` timestamp NULL DEFAULT NULL,
  `updated_at` timestamp NULL DEFAULT NULL
) ENGINE=InnoDB DEFAULT CHARSET=utf8mb4 COLLATE=utf8mb4_unicode_ci;

--
-- Volcado de datos para la tabla `users`
--

INSERT INTO `users` (`id`, `name`, `email`, `email_verified_at`, `password`, `remember_token`, `created_at`, `updated_at`) VALUES
(2, 'Jhon', 'jhon@example.com', NULL, '$2y$12$dK3zX9iGZ3vjYMyVW8ZEkOvrKf/KHUi/YJJd6d8F1sfVcNuu5uOKm', NULL, '2024-08-23 14:04:44', '2024-08-23 14:04:44'),
(3, 'Jhonatan', 'quiro1804@hotmail.com', NULL, '$2y$12$hO.VwjMx5c4nKGJfxq4Za.fG1j6fXvo9cGPHAUfXY8QQEZ2JiB2F6', NULL, '2024-09-14 03:55:36', '2024-09-14 03:55:36'),
(4, 'Murphy Rolfson', 'mellie30@example.org', '2024-09-21 04:20:19', '$2y$12$VmK1Gl0rJNGe7g54CipgWumoOk2DckxYG9.7wYSCjHLI5lCzaoKJi', 'QSMDawJNxo', '2024-09-21 04:20:19', '2024-09-21 04:20:19'),
(5, 'Roscoe Frami', 'will.hilbert@example.org', '2024-09-21 04:20:19', '$2y$12$VmK1Gl0rJNGe7g54CipgWumoOk2DckxYG9.7wYSCjHLI5lCzaoKJi', 'xNlmvpKron', '2024-09-21 04:20:19', '2024-09-21 04:20:19'),
(6, 'Prof. Gino Osinski', 'romaguera.gage@example.com', '2024-09-21 04:52:27', '$2y$12$Rt7onn9Sahr9faweM4we7e1KpWM0iOYICaIzc00lJeZFsvTSFFwq2', 'CGdzpmk7PU', '2024-09-21 04:52:27', '2024-09-21 04:52:27'),
(7, 'Mrs. Fanny Muller II', 'zboyer@example.org', '2024-09-21 04:52:27', '$2y$12$Rt7onn9Sahr9faweM4we7e1KpWM0iOYICaIzc00lJeZFsvTSFFwq2', 'NyHsKj9UrM', '2024-09-21 04:52:27', '2024-09-21 04:52:27'),
(8, 'Prof. Kelvin Rohan V', 'henri.herzog@example.org', '2024-09-21 04:52:27', '$2y$12$Rt7onn9Sahr9faweM4we7e1KpWM0iOYICaIzc00lJeZFsvTSFFwq2', 'eI8GMIJTOh', '2024-09-21 04:52:27', '2024-09-21 04:52:27'),
(9, 'Melvina O\'Keefe', 'sid69@example.org', '2024-09-21 04:52:27', '$2y$12$Rt7onn9Sahr9faweM4we7e1KpWM0iOYICaIzc00lJeZFsvTSFFwq2', 'kbBi6OAJGE', '2024-09-21 04:52:27', '2024-09-21 04:52:27'),
(10, 'Norris Aufderhar', 'gilda15@example.org', '2024-09-21 04:52:27', '$2y$12$Rt7onn9Sahr9faweM4we7e1KpWM0iOYICaIzc00lJeZFsvTSFFwq2', 'ePgXkhps5X', '2024-09-21 04:52:27', '2024-09-21 04:52:27'),
(11, 'Miss Onie Bins PhD', 'ramona45@example.net', '2024-09-21 04:52:27', '$2y$12$Rt7onn9Sahr9faweM4we7e1KpWM0iOYICaIzc00lJeZFsvTSFFwq2', 'smJkSnpHEm', '2024-09-21 04:52:27', '2024-09-21 04:52:27'),
(12, 'Roxane Homenick', 'horn@example.net', '2024-09-21 04:52:27', '$2y$12$Rt7onn9Sahr9faweM4we7e1KpWM0iOYICaIzc00lJeZFsvTSFFwq2', '4KK0MgecIU', '2024-09-21 04:52:27', '2024-09-21 04:52:27'),
(13, 'Ike Walker', 'kolson@example.com', '2024-09-21 04:52:27', '$2y$12$Rt7onn9Sahr9faweM4we7e1KpWM0iOYICaIzc00lJeZFsvTSFFwq2', 'Bno5P7H4ge', '2024-09-21 04:52:27', '2024-09-21 04:52:27'),
(14, 'Lexi Willms', 'alfredo15@example.net', '2024-09-21 04:52:27', '$2y$12$Rt7onn9Sahr9faweM4we7e1KpWM0iOYICaIzc00lJeZFsvTSFFwq2', 'HYqZk2ZRza', '2024-09-21 04:52:27', '2024-09-21 04:52:27'),
(15, 'Bret Beatty', 'modesto00@example.net', '2024-09-21 04:52:27', '$2y$12$Rt7onn9Sahr9faweM4we7e1KpWM0iOYICaIzc00lJeZFsvTSFFwq2', 'n76xuUg4Hi', '2024-09-21 04:52:27', '2024-09-21 04:52:27'),
(16, 'Karianne Altenwerth II', 'grady.vella@example.org', '2024-09-21 05:04:58', '$2y$12$6Wa5ymdy6J4fFkDO10Se2u7iccFnn.3ZGNeZ73sfj5iujAppdsQwi', 'YRT707sekv', '2024-09-21 05:04:59', '2024-09-21 05:04:59'),
(17, 'Arturo White', 'kub.joana@example.org', '2024-09-21 05:04:59', '$2y$12$6Wa5ymdy6J4fFkDO10Se2u7iccFnn.3ZGNeZ73sfj5iujAppdsQwi', 'pxLIetmKox', '2024-09-21 05:04:59', '2024-09-21 05:04:59'),
(18, 'Brandy Auer', 'josie91@example.net', '2024-09-21 05:04:59', '$2y$12$6Wa5ymdy6J4fFkDO10Se2u7iccFnn.3ZGNeZ73sfj5iujAppdsQwi', 'nt3TOa9zAw', '2024-09-21 05:04:59', '2024-09-21 05:04:59'),
(19, 'Leland Hyatt', 'jarvis.waters@example.org', '2024-09-21 05:04:59', '$2y$12$6Wa5ymdy6J4fFkDO10Se2u7iccFnn.3ZGNeZ73sfj5iujAppdsQwi', 'lvReQ3Riok', '2024-09-21 05:04:59', '2024-09-21 05:04:59'),
(20, 'Lisandro Beer PhD', 'arlene51@example.com', '2024-09-21 05:04:59', '$2y$12$6Wa5ymdy6J4fFkDO10Se2u7iccFnn.3ZGNeZ73sfj5iujAppdsQwi', 'ShtI7roWBM', '2024-09-21 05:04:59', '2024-09-21 05:04:59'),
(21, 'Mariane Dare', 'blair.bode@example.org', '2024-09-21 05:04:59', '$2y$12$6Wa5ymdy6J4fFkDO10Se2u7iccFnn.3ZGNeZ73sfj5iujAppdsQwi', 'Bua7oUvV5f', '2024-09-21 05:04:59', '2024-09-21 05:04:59'),
(22, 'Noemi Boyer', 'bbechtelar@example.com', '2024-09-21 05:04:59', '$2y$12$6Wa5ymdy6J4fFkDO10Se2u7iccFnn.3ZGNeZ73sfj5iujAppdsQwi', '9yjQNvdHf8', '2024-09-21 05:04:59', '2024-09-21 05:04:59'),
(23, 'Prof. Arianna Williamson DVM', 'fharris@example.net', '2024-09-21 05:04:59', '$2y$12$6Wa5ymdy6J4fFkDO10Se2u7iccFnn.3ZGNeZ73sfj5iujAppdsQwi', 'K7xhKzDUlA', '2024-09-21 05:04:59', '2024-09-21 05:04:59'),
(24, 'Cornelius McLaughlin', 'lukas76@example.com', '2024-09-21 05:04:59', '$2y$12$6Wa5ymdy6J4fFkDO10Se2u7iccFnn.3ZGNeZ73sfj5iujAppdsQwi', 'VAtaQXYpek', '2024-09-21 05:04:59', '2024-09-21 05:04:59'),
(25, 'Dr. Destinee Grimes', 'kling.zora@example.org', '2024-09-21 05:04:59', '$2y$12$6Wa5ymdy6J4fFkDO10Se2u7iccFnn.3ZGNeZ73sfj5iujAppdsQwi', 'dRl2Y1pEDI', '2024-09-21 05:04:59', '2024-09-21 05:04:59');

--
-- Índices para tablas volcadas
--

--
-- Indices de la tabla `cache`
--
ALTER TABLE `cache`
  ADD PRIMARY KEY (`key`);

--
-- Indices de la tabla `cache_locks`
--
ALTER TABLE `cache_locks`
  ADD PRIMARY KEY (`key`);

--
-- Indices de la tabla `ciudads`
--
ALTER TABLE `ciudads`
  ADD PRIMARY KEY (`id`),
  ADD KEY `ciudads_departamento_id_foreign` (`departamento_id`);

--
-- Indices de la tabla `departamentos`
--
ALTER TABLE `departamentos`
  ADD PRIMARY KEY (`id`),
  ADD KEY `departamentos_pais_id_foreign` (`pais_id`);

--
-- Indices de la tabla `failed_jobs`
--
ALTER TABLE `failed_jobs`
  ADD PRIMARY KEY (`id`),
  ADD UNIQUE KEY `failed_jobs_uuid_unique` (`uuid`);

--
-- Indices de la tabla `jobs`
--
ALTER TABLE `jobs`
  ADD PRIMARY KEY (`id`),
  ADD KEY `jobs_queue_index` (`queue`);

--
-- Indices de la tabla `job_batches`
--
ALTER TABLE `job_batches`
  ADD PRIMARY KEY (`id`);

--
-- Indices de la tabla `migrations`
--
ALTER TABLE `migrations`
  ADD PRIMARY KEY (`id`);

--
-- Indices de la tabla `pais`
--
ALTER TABLE `pais`
  ADD PRIMARY KEY (`id`);

--
-- Indices de la tabla `password_reset_tokens`
--
ALTER TABLE `password_reset_tokens`
  ADD PRIMARY KEY (`email`);

--
-- Indices de la tabla `services`
--
ALTER TABLE `services`
  ADD PRIMARY KEY (`id`);

--
-- Indices de la tabla `sessions`
--
ALTER TABLE `sessions`
  ADD PRIMARY KEY (`id`),
  ADD KEY `sessions_user_id_index` (`user_id`),
  ADD KEY `sessions_last_activity_index` (`last_activity`);

--
-- Indices de la tabla `testimonios`
--
ALTER TABLE `testimonios`
  ADD PRIMARY KEY (`id`),
  ADD KEY `testimonios_service_id_foreign` (`service_id`),
  ADD KEY `testimonios_ciudad_id_foreign` (`ciudad_id`),
  ADD KEY `testimonios_user_id_foreign` (`user_id`);

--
-- Indices de la tabla `users`
--
ALTER TABLE `users`
  ADD PRIMARY KEY (`id`),
  ADD UNIQUE KEY `users_email_unique` (`email`);

--
-- AUTO_INCREMENT de las tablas volcadas
--

--
-- AUTO_INCREMENT de la tabla `ciudads`
--
ALTER TABLE `ciudads`
  MODIFY `id` bigint(20) UNSIGNED NOT NULL AUTO_INCREMENT, AUTO_INCREMENT=651;

--
-- AUTO_INCREMENT de la tabla `departamentos`
--
ALTER TABLE `departamentos`
  MODIFY `id` bigint(20) UNSIGNED NOT NULL AUTO_INCREMENT, AUTO_INCREMENT=34;

--
-- AUTO_INCREMENT de la tabla `failed_jobs`
--
ALTER TABLE `failed_jobs`
  MODIFY `id` bigint(20) UNSIGNED NOT NULL AUTO_INCREMENT;

--
-- AUTO_INCREMENT de la tabla `jobs`
--
ALTER TABLE `jobs`
  MODIFY `id` bigint(20) UNSIGNED NOT NULL AUTO_INCREMENT;

--
-- AUTO_INCREMENT de la tabla `migrations`
--
ALTER TABLE `migrations`
  MODIFY `id` int(10) UNSIGNED NOT NULL AUTO_INCREMENT, AUTO_INCREMENT=10;

--
-- AUTO_INCREMENT de la tabla `pais`
--
ALTER TABLE `pais`
  MODIFY `id` bigint(20) UNSIGNED NOT NULL AUTO_INCREMENT, AUTO_INCREMENT=2;

--
-- AUTO_INCREMENT de la tabla `services`
--
ALTER TABLE `services`
  MODIFY `id` bigint(20) UNSIGNED NOT NULL AUTO_INCREMENT, AUTO_INCREMENT=27;

--
-- AUTO_INCREMENT de la tabla `testimonios`
--
ALTER TABLE `testimonios`
  MODIFY `id` bigint(20) UNSIGNED NOT NULL AUTO_INCREMENT;

--
-- AUTO_INCREMENT de la tabla `users`
--
ALTER TABLE `users`
  MODIFY `id` bigint(20) UNSIGNED NOT NULL AUTO_INCREMENT, AUTO_INCREMENT=26;

--
-- Restricciones para tablas volcadas
--

--
-- Filtros para la tabla `ciudads`
--
ALTER TABLE `ciudads`
  ADD CONSTRAINT `ciudads_departamento_id_foreign` FOREIGN KEY (`departamento_id`) REFERENCES `departamentos` (`id`);

--
-- Filtros para la tabla `departamentos`
--
ALTER TABLE `departamentos`
  ADD CONSTRAINT `departamentos_pais_id_foreign` FOREIGN KEY (`pais_id`) REFERENCES `pais` (`id`);

--
-- Filtros para la tabla `testimonios`
--
ALTER TABLE `testimonios`
  ADD CONSTRAINT `testimonios_ciudad_id_foreign` FOREIGN KEY (`ciudad_id`) REFERENCES `ciudads` (`id`),
  ADD CONSTRAINT `testimonios_service_id_foreign` FOREIGN KEY (`service_id`) REFERENCES `services` (`id`),
  ADD CONSTRAINT `testimonios_user_id_foreign` FOREIGN KEY (`user_id`) REFERENCES `users` (`id`);
COMMIT;

/*!40101 SET CHARACTER_SET_CLIENT=@OLD_CHARACTER_SET_CLIENT */;
/*!40101 SET CHARACTER_SET_RESULTS=@OLD_CHARACTER_SET_RESULTS */;
/*!40101 SET COLLATION_CONNECTION=@OLD_COLLATION_CONNECTION */;
